2025-12-07 16:00:45,144 - rag_service - INFO - Logger initialized: rag_service
2025-12-07 16:00:45,144 - rag_service - INFO - Log file: logs/rag_service.log
2025-12-07 16:01:25,795 - rag_service - INFO - Logger initialized: rag_service
2025-12-07 16:01:25,796 - rag_service - INFO - Log file: logs/rag_service.log
2025-12-07 16:03:28,895 - rag_service - INFO - Logger initialized: rag_service
2025-12-07 16:03:28,895 - rag_service - INFO - Log file: logs/rag_service.log
2025-12-07 16:03:28,897 - rag_service - ERROR - Corpus file not found: /Users/jun/GolandProjects/higress/higress/plugins/golang-filter/mcp-server/servers/rag/python/python/dataset/MultiHopRAG.json
2025-12-07 16:04:24,186 - rag_service - INFO - Logger initialized: rag_service
2025-12-07 16:04:24,187 - rag_service - INFO - Log file: logs/rag_service.log
2025-12-07 16:04:24,188 - rag_service - ERROR - Corpus file not found: /Users/jun/GolandProjects/higress/higress/plugins/golang-filter/mcp-server/servers/rag/python/python/dataset/MultiHopRAG.json
2025-12-07 16:05:28,076 - rag_service - INFO - Logger initialized: rag_service
2025-12-07 16:05:28,076 - rag_service - INFO - Log file: logs/rag_service.log
2025-12-07 16:05:28,077 - rag_service - INFO - Initializing embedding model...
2025-12-07 16:05:28,100 - rag_service - INFO - Using qwen as model engine to load embeddings
2025-12-07 16:07:09,735 - rag_service - INFO - Logger initialized: rag_service
2025-12-07 16:07:09,735 - rag_service - INFO - Log file: logs/rag_service.log
2025-12-07 16:07:09,762 - rag_service - INFO - Starting RAG Service API on 0.0.0.0:8090
2025-12-07 16:07:09,802 - rag_service - INFO - Initializing embedding service with model: /Users/jun/GolandProjects/higress/higress/plugins/golang-filter/mcp-server/servers/rag/python/models/Qwen/Qwen3-Embedding-0.6B
2025-12-07 16:07:09,817 - rag_service - INFO - Using qwen as model engine to load embeddings
2025-12-07 16:07:13,184 - rag_service - INFO - Loaded Qwen embedding model from /Users/jun/GolandProjects/higress/higress/plugins/golang-filter/mcp-server/servers/rag/python/models/Qwen/Qwen3-Embedding-0.6B
2025-12-07 16:07:13,184 - rag_service - INFO - Embedding service initialized successfully
2025-12-07 16:07:13,184 - rag_service - INFO - Initializing reranker service with model: /Users/jun/GolandProjects/higress/higress/plugins/golang-filter/mcp-server/servers/rag/python/models/Qwen/Qwen3-Reranker-0.6B
2025-12-07 16:07:15,932 - rag_service - INFO - Reranker service initialized successfully
2025-12-07 16:10:22,941 - rag_service - INFO - Generated embeddings for 1 input(s) in 1.10s
2025-12-07 16:10:30,791 - rag_service - INFO - Reranked 20 documents for query 'Who is the individual associated with the cryptocu...' in 7.70s, returned 10 results
2025-12-07 16:10:31,492 - rag_service - INFO - Generated embeddings for 1 input(s) in 0.68s
2025-12-07 16:10:41,185 - rag_service - INFO - Reranked 20 documents for query 'Which individual is implicated in both inflating t...' in 9.57s, returned 10 results
2025-12-07 16:10:42,504 - rag_service - INFO - Generated embeddings for 1 input(s) in 1.30s
2025-12-07 16:11:06,071 - rag_service - INFO - Reranked 20 documents for query 'Who is the figure associated with generative AI te...' in 23.39s, returned 10 results
2025-12-07 16:13:43,139 - rag_service - INFO - Generated embeddings for 1 input(s) in 5.51s
2025-12-07 16:20:34,297 - rag_service - INFO - Generated embeddings for 1 input(s) in 0.94s
2025-12-07 16:20:34,545 - rag_service - INFO - Generated embeddings for 1 input(s) in 0.14s
2025-12-07 16:20:34,699 - rag_service - INFO - Generated embeddings for 1 input(s) in 0.12s
2025-12-07 16:20:34,883 - rag_service - INFO - Generated embeddings for 1 input(s) in 0.17s
2025-12-07 16:20:35,129 - rag_service - INFO - Generated embeddings for 1 input(s) in 0.15s
2025-12-07 16:20:35,318 - rag_service - INFO - Generated embeddings for 1 input(s) in 0.14s
2025-12-07 16:20:35,475 - rag_service - INFO - Generated embeddings for 1 input(s) in 0.14s
2025-12-07 16:20:35,651 - rag_service - INFO - Generated embeddings for 1 input(s) in 0.14s
2025-12-07 16:20:35,811 - rag_service - INFO - Generated embeddings for 1 input(s) in 0.09s
2025-12-07 16:20:35,930 - rag_service - INFO - Generated embeddings for 1 input(s) in 0.10s
2025-12-07 16:20:36,051 - rag_service - INFO - Generated embeddings for 1 input(s) in 0.09s
2025-12-07 16:20:36,242 - rag_service - INFO - Generated embeddings for 1 input(s) in 0.14s
2025-12-07 16:20:36,428 - rag_service - INFO - Generated embeddings for 1 input(s) in 0.16s
2025-12-07 16:20:36,608 - rag_service - INFO - Generated embeddings for 1 input(s) in 0.15s
2025-12-07 16:20:36,725 - rag_service - INFO - Generated embeddings for 1 input(s) in 0.09s
2025-12-07 16:20:36,882 - rag_service - INFO - Generated embeddings for 1 input(s) in 0.14s
2025-12-07 16:20:36,990 - rag_service - INFO - Generated embeddings for 1 input(s) in 0.09s
2025-12-07 16:20:37,154 - rag_service - INFO - Generated embeddings for 1 input(s) in 0.14s
2025-12-07 16:20:37,256 - rag_service - INFO - Generated embeddings for 1 input(s) in 0.09s
2025-12-07 16:20:37,412 - rag_service - INFO - Generated embeddings for 1 input(s) in 0.13s
2025-12-07 16:20:37,591 - rag_service - INFO - Generated embeddings for 1 input(s) in 0.16s
2025-12-07 16:20:37,760 - rag_service - INFO - Generated embeddings for 1 input(s) in 0.14s
2025-12-07 16:20:37,915 - rag_service - INFO - Generated embeddings for 1 input(s) in 0.14s
2025-12-07 16:20:38,093 - rag_service - INFO - Generated embeddings for 1 input(s) in 0.16s
2025-12-07 16:20:38,203 - rag_service - INFO - Generated embeddings for 1 input(s) in 0.10s
2025-12-07 16:20:38,342 - rag_service - INFO - Generated embeddings for 1 input(s) in 0.13s
2025-12-07 16:20:38,449 - rag_service - INFO - Generated embeddings for 1 input(s) in 0.10s
2025-12-07 16:20:38,615 - rag_service - INFO - Generated embeddings for 1 input(s) in 0.15s
2025-12-07 16:20:38,726 - rag_service - INFO - Generated embeddings for 1 input(s) in 0.10s
2025-12-07 16:20:38,904 - rag_service - INFO - Generated embeddings for 1 input(s) in 0.17s
2025-12-07 16:20:39,072 - rag_service - INFO - Generated embeddings for 1 input(s) in 0.15s
2025-12-07 16:20:39,219 - rag_service - INFO - Generated embeddings for 1 input(s) in 0.14s
2025-12-07 16:20:39,371 - rag_service - INFO - Generated embeddings for 1 input(s) in 0.14s
2025-12-07 16:20:39,471 - rag_service - INFO - Generated embeddings for 1 input(s) in 0.09s
2025-12-07 16:20:39,634 - rag_service - INFO - Generated embeddings for 1 input(s) in 0.15s
2025-12-07 16:20:39,746 - rag_service - INFO - Generated embeddings for 1 input(s) in 0.10s
2025-12-07 16:20:39,850 - rag_service - INFO - Generated embeddings for 1 input(s) in 0.10s
2025-12-07 16:20:39,994 - rag_service - INFO - Generated embeddings for 1 input(s) in 0.13s
2025-12-07 16:20:40,147 - rag_service - INFO - Generated embeddings for 1 input(s) in 0.14s
2025-12-07 16:20:40,252 - rag_service - INFO - Generated embeddings for 1 input(s) in 0.09s
2025-12-07 16:20:40,399 - rag_service - INFO - Generated embeddings for 1 input(s) in 0.13s
2025-12-07 16:20:47,492 - rag_service - INFO - Generated embeddings for 1 input(s) in 7.08s
2025-12-07 16:54:45,936 - rag_service - INFO - Generated embeddings for 1 input(s) in 2.69s
2025-12-07 16:56:55,055 - rag_service - INFO - Generated embeddings for 1 input(s) in 1.07s
2025-12-07 16:59:11,863 - rag_service - INFO - Generated embeddings for 1 input(s) in 1.03s
2025-12-07 17:00:32,235 - rag_service - INFO - Generated embeddings for 1 input(s) in 1.06s
2025-12-07 17:01:18,939 - rag_service - INFO - Generated embeddings for 1 input(s) in 1.06s
2025-12-07 17:01:51,869 - rag_service - INFO - Generated embeddings for 1 input(s) in 0.81s
2025-12-07 17:02:53,392 - rag_service - INFO - Generated embeddings for 1 input(s) in 1.01s
2025-12-07 17:04:40,624 - rag_service - INFO - Generated embeddings for 1 input(s) in 1.13s
2025-12-07 17:05:09,881 - rag_service - INFO - Generated embeddings for 1 input(s) in 1.09s
2025-12-07 17:06:17,230 - rag_service - INFO - Generated embeddings for 1 input(s) in 0.95s
2025-12-07 17:07:43,941 - rag_service - INFO - Generated embeddings for 1 input(s) in 1.03s
2025-12-07 17:08:30,592 - rag_service - INFO - Generated embeddings for 1 input(s) in 1.00s
2025-12-07 17:09:48,927 - rag_service - INFO - Generated embeddings for 1 input(s) in 0.98s
2025-12-07 17:10:56,096 - rag_service - INFO - Generated embeddings for 1 input(s) in 0.99s
2025-12-07 17:11:43,393 - rag_service - INFO - Generated embeddings for 1 input(s) in 0.76s
2025-12-07 17:12:19,243 - rag_service - INFO - Generated embeddings for 1 input(s) in 1.07s
2025-12-07 17:12:46,372 - rag_service - INFO - Generated embeddings for 1 input(s) in 1.05s
2025-12-07 18:22:22,209 - rag_service - INFO - Logger initialized: rag_service
2025-12-07 18:22:22,210 - rag_service - INFO - Log file: logs/rag_service.log
2025-12-07 18:23:10,792 - rag_service - INFO - Logger initialized: rag_service
2025-12-07 18:23:10,792 - rag_service - INFO - Log file: logs/rag_service.log
2025-12-07 18:23:10,794 - rag_service - ERROR - Corpus file not found: /Users/jun/GolandProjects/higress/higress/plugins/golang-filter/mcp-server/servers/rag/python/python/dataset/MultiHopRAG.json
2025-12-07 18:23:39,141 - rag_service - INFO - Logger initialized: rag_service
2025-12-07 18:23:39,141 - rag_service - INFO - Log file: logs/rag_service.log
2025-12-07 18:23:39,142 - rag_service - INFO - Initializing embedding model...
2025-12-07 18:23:39,161 - rag_service - INFO - Using qwen as model engine to load embeddings
2025-12-07 18:23:42,821 - rag_service - INFO - Loaded Qwen embedding model from /Users/jun/GolandProjects/higress/higress/plugins/golang-filter/mcp-server/servers/rag/python/models/Qwen/Qwen3-Embedding-0.6B
2025-12-07 18:23:42,821 - rag_service - INFO - Embedding model initialized
2025-12-07 18:23:42,821 - rag_service - INFO - Vector store config: host='127.0.0.1' port='19530' user='' password='' name='default' collection_name='corpus_collection_test_500' reranker_type='weighted' reranker_weight=0.5 chunk_context_window_size=0 kb_root_path='./knowledge_base' kwargs={}
2025-12-07 18:23:42,821 - rag_service - INFO - Initializing Milvus vector store with collection: corpus_collection_test_500
2025-12-07 18:23:45,192 - rag_service - INFO - Milvus vector store initialized
2025-12-07 18:23:45,193 - rag_service - INFO - Loading corpus from: /Users/jun/GolandProjects/higress/higress/plugins/golang-filter/mcp-server/servers/rag/python/dataset/MultiHopRAG.json
2025-12-07 18:23:45,228 - rag_service - INFO - Loaded 2556 documents from corpus.json
2025-12-07 18:23:45,228 - rag_service - INFO - Starting to index 2556 documents...
2025-12-07 18:23:45,228 - rag_service - INFO - Chunk size: 500, Chunk overlap: 50 , Batch size: 100 Smaller Chunk size: 0
2025-12-07 18:23:45,229 - rag_service - WARNING - Skipping document with empty body: 
2025-12-07 18:23:45,229 - rag_service - WARNING - Skipping document with empty body: 
2025-12-07 18:23:45,229 - rag_service - WARNING - Skipping document with empty body: 
2025-12-07 18:23:45,229 - rag_service - WARNING - Skipping document with empty body: 
2025-12-07 18:23:45,229 - rag_service - WARNING - Skipping document with empty body: 
2025-12-07 18:23:45,229 - rag_service - WARNING - Skipping document with empty body: 
2025-12-07 18:23:45,229 - rag_service - WARNING - Skipping document with empty body: 
2025-12-07 18:23:45,229 - rag_service - WARNING - Skipping document with empty body: 
2025-12-07 18:23:45,229 - rag_service - WARNING - Skipping document with empty body: 
2025-12-07 18:23:45,229 - rag_service - WARNING - Skipping document with empty body: 
2025-12-07 18:23:45,229 - rag_service - WARNING - Skipping document with empty body: 
2025-12-07 18:23:45,229 - rag_service - WARNING - Skipping document with empty body: 
2025-12-07 18:23:45,229 - rag_service - WARNING - Skipping document with empty body: 
2025-12-07 18:23:45,229 - rag_service - WARNING - Skipping document with empty body: 
2025-12-07 18:23:45,229 - rag_service - WARNING - Skipping document with empty body: 
2025-12-07 18:23:45,229 - rag_service - WARNING - Skipping document with empty body: 
2025-12-07 18:23:45,229 - rag_service - WARNING - Skipping document with empty body: 
2025-12-07 18:23:45,229 - rag_service - WARNING - Skipping document with empty body: 
2025-12-07 18:23:45,230 - rag_service - WARNING - Skipping document with empty body: 
2025-12-07 18:23:45,230 - rag_service - WARNING - Skipping document with empty body: 
2025-12-07 18:23:45,230 - rag_service - WARNING - Skipping document with empty body: 
2025-12-07 18:23:45,230 - rag_service - WARNING - Skipping document with empty body: 
2025-12-07 18:23:45,230 - rag_service - WARNING - Skipping document with empty body: 
2025-12-07 18:23:45,230 - rag_service - WARNING - Skipping document with empty body: 
2025-12-07 18:23:45,230 - rag_service - WARNING - Skipping document with empty body: 
2025-12-07 18:23:45,230 - rag_service - WARNING - Skipping document with empty body: 
2025-12-07 18:23:45,230 - rag_service - WARNING - Skipping document with empty body: 
2025-12-07 18:23:45,230 - rag_service - WARNING - Skipping document with empty body: 
2025-12-07 18:23:45,230 - rag_service - WARNING - Skipping document with empty body: 
2025-12-07 18:23:45,230 - rag_service - WARNING - Skipping document with empty body: 
2025-12-07 18:23:45,230 - rag_service - WARNING - Skipping document with empty body: 
2025-12-07 18:23:45,230 - rag_service - WARNING - Skipping document with empty body: 
2025-12-07 18:23:45,230 - rag_service - WARNING - Skipping document with empty body: 
2025-12-07 18:23:45,230 - rag_service - WARNING - Skipping document with empty body: 
2025-12-07 18:23:45,230 - rag_service - WARNING - Skipping document with empty body: 
2025-12-07 18:23:45,230 - rag_service - WARNING - Skipping document with empty body: 
2025-12-07 18:23:45,230 - rag_service - WARNING - Skipping document with empty body: 
2025-12-07 18:23:45,230 - rag_service - WARNING - Skipping document with empty body: 
2025-12-07 18:23:45,230 - rag_service - WARNING - Skipping document with empty body: 
2025-12-07 18:23:45,230 - rag_service - WARNING - Skipping document with empty body: 
2025-12-07 18:23:45,230 - rag_service - WARNING - Skipping document with empty body: 
2025-12-07 18:23:45,230 - rag_service - WARNING - Skipping document with empty body: 
2025-12-07 18:23:45,230 - rag_service - WARNING - Skipping document with empty body: 
2025-12-07 18:23:45,230 - rag_service - WARNING - Skipping document with empty body: 
2025-12-07 18:23:45,230 - rag_service - WARNING - Skipping document with empty body: 
2025-12-07 18:23:45,230 - rag_service - WARNING - Skipping document with empty body: 
2025-12-07 18:23:45,231 - rag_service - WARNING - Skipping document with empty body: 
2025-12-07 18:23:45,231 - rag_service - WARNING - Skipping document with empty body: 
2025-12-07 18:23:45,231 - rag_service - WARNING - Skipping document with empty body: 
2025-12-07 18:23:45,231 - rag_service - WARNING - Skipping document with empty body: 
2025-12-07 18:23:45,231 - rag_service - WARNING - Skipping document with empty body: 
2025-12-07 18:23:45,231 - rag_service - WARNING - Skipping document with empty body: 
2025-12-07 18:23:45,231 - rag_service - WARNING - Skipping document with empty body: 
2025-12-07 18:23:45,231 - rag_service - WARNING - Skipping document with empty body: 
2025-12-07 18:23:45,231 - rag_service - WARNING - Skipping document with empty body: 
2025-12-07 18:23:45,231 - rag_service - WARNING - Skipping document with empty body: 
2025-12-07 18:23:45,231 - rag_service - WARNING - Skipping document with empty body: 
2025-12-07 18:23:45,231 - rag_service - WARNING - Skipping document with empty body: 
2025-12-07 18:23:45,231 - rag_service - WARNING - Skipping document with empty body: 
2025-12-07 18:23:45,231 - rag_service - WARNING - Skipping document with empty body: 
2025-12-07 18:23:45,231 - rag_service - WARNING - Skipping document with empty body: 
2025-12-07 18:23:45,231 - rag_service - WARNING - Skipping document with empty body: 
2025-12-07 18:23:45,231 - rag_service - WARNING - Skipping document with empty body: 
2025-12-07 18:23:45,231 - rag_service - WARNING - Skipping document with empty body: 
2025-12-07 18:23:45,231 - rag_service - WARNING - Skipping document with empty body: 
2025-12-07 18:23:45,231 - rag_service - WARNING - Skipping document with empty body: 
2025-12-07 18:23:45,231 - rag_service - WARNING - Skipping document with empty body: 
2025-12-07 18:23:45,231 - rag_service - WARNING - Skipping document with empty body: 
2025-12-07 18:23:45,231 - rag_service - WARNING - Skipping document with empty body: 
2025-12-07 18:23:45,231 - rag_service - WARNING - Skipping document with empty body: 
2025-12-07 18:23:45,231 - rag_service - WARNING - Skipping document with empty body: 
2025-12-07 18:23:45,231 - rag_service - WARNING - Skipping document with empty body: 
2025-12-07 18:23:45,231 - rag_service - WARNING - Skipping document with empty body: 
2025-12-07 18:23:45,231 - rag_service - WARNING - Skipping document with empty body: 
2025-12-07 18:23:45,231 - rag_service - WARNING - Skipping document with empty body: 
2025-12-07 18:23:45,232 - rag_service - WARNING - Skipping document with empty body: 
2025-12-07 18:23:45,232 - rag_service - WARNING - Skipping document with empty body: 
2025-12-07 18:23:45,232 - rag_service - WARNING - Skipping document with empty body: 
2025-12-07 18:23:45,232 - rag_service - WARNING - Skipping document with empty body: 
2025-12-07 18:23:45,232 - rag_service - WARNING - Skipping document with empty body: 
2025-12-07 18:23:45,232 - rag_service - WARNING - Skipping document with empty body: 
2025-12-07 18:23:45,232 - rag_service - WARNING - Skipping document with empty body: 
2025-12-07 18:23:45,232 - rag_service - WARNING - Skipping document with empty body: 
2025-12-07 18:23:45,232 - rag_service - WARNING - Skipping document with empty body: 
2025-12-07 18:23:45,232 - rag_service - WARNING - Skipping document with empty body: 
2025-12-07 18:23:45,232 - rag_service - WARNING - Skipping document with empty body: 
2025-12-07 18:23:45,232 - rag_service - WARNING - Skipping document with empty body: 
2025-12-07 18:23:45,232 - rag_service - WARNING - Skipping document with empty body: 
2025-12-07 18:23:45,232 - rag_service - WARNING - Skipping document with empty body: 
2025-12-07 18:23:45,232 - rag_service - WARNING - Skipping document with empty body: 
2025-12-07 18:23:45,232 - rag_service - WARNING - Skipping document with empty body: 
2025-12-07 18:23:45,232 - rag_service - WARNING - Skipping document with empty body: 
2025-12-07 18:23:45,232 - rag_service - WARNING - Skipping document with empty body: 
2025-12-07 18:23:45,232 - rag_service - WARNING - Skipping document with empty body: 
2025-12-07 18:23:45,232 - rag_service - WARNING - Skipping document with empty body: 
2025-12-07 18:23:45,232 - rag_service - WARNING - Skipping document with empty body: 
2025-12-07 18:23:45,232 - rag_service - WARNING - Skipping document with empty body: 
2025-12-07 18:23:45,232 - rag_service - WARNING - Skipping document with empty body: 
2025-12-07 18:23:45,232 - rag_service - WARNING - Skipping document with empty body: 
2025-12-07 18:23:45,232 - rag_service - WARNING - Skipping document with empty body: 
2025-12-07 18:23:45,232 - rag_service - INFO - Processed batch 1: 1-100 / 2556
2025-12-07 18:23:45,232 - rag_service - WARNING - Skipping document with empty body: 
2025-12-07 18:23:45,233 - rag_service - WARNING - Skipping document with empty body: 
2025-12-07 18:23:45,233 - rag_service - WARNING - Skipping document with empty body: 
2025-12-07 18:23:45,233 - rag_service - WARNING - Skipping document with empty body: 
2025-12-07 18:23:45,233 - rag_service - WARNING - Skipping document with empty body: 
2025-12-07 18:23:45,233 - rag_service - WARNING - Skipping document with empty body: 
2025-12-07 18:23:45,233 - rag_service - WARNING - Skipping document with empty body: 
2025-12-07 18:23:45,233 - rag_service - WARNING - Skipping document with empty body: 
2025-12-07 18:23:45,233 - rag_service - WARNING - Skipping document with empty body: 
2025-12-07 18:23:45,233 - rag_service - WARNING - Skipping document with empty body: 
2025-12-07 18:23:45,233 - rag_service - WARNING - Skipping document with empty body: 
2025-12-07 18:23:45,233 - rag_service - WARNING - Skipping document with empty body: 
2025-12-07 18:23:45,233 - rag_service - WARNING - Skipping document with empty body: 
2025-12-07 18:23:45,233 - rag_service - WARNING - Skipping document with empty body: 
2025-12-07 18:23:45,233 - rag_service - WARNING - Skipping document with empty body: 
2025-12-07 18:23:45,233 - rag_service - WARNING - Skipping document with empty body: 
2025-12-07 18:23:45,233 - rag_service - WARNING - Skipping document with empty body: 
2025-12-07 18:23:45,233 - rag_service - WARNING - Skipping document with empty body: 
2025-12-07 18:23:45,233 - rag_service - WARNING - Skipping document with empty body: 
2025-12-07 18:23:45,233 - rag_service - WARNING - Skipping document with empty body: 
2025-12-07 18:23:45,233 - rag_service - WARNING - Skipping document with empty body: 
2025-12-07 18:23:45,233 - rag_service - WARNING - Skipping document with empty body: 
2025-12-07 18:23:45,233 - rag_service - WARNING - Skipping document with empty body: 
2025-12-07 18:23:45,233 - rag_service - WARNING - Skipping document with empty body: 
2025-12-07 18:23:45,233 - rag_service - WARNING - Skipping document with empty body: 
2025-12-07 18:23:45,233 - rag_service - WARNING - Skipping document with empty body: 
2025-12-07 18:23:45,233 - rag_service - WARNING - Skipping document with empty body: 
2025-12-07 18:23:45,233 - rag_service - WARNING - Skipping document with empty body: 
2025-12-07 18:23:45,233 - rag_service - WARNING - Skipping document with empty body: 
2025-12-07 18:23:45,234 - rag_service - WARNING - Skipping document with empty body: 
2025-12-07 18:23:45,234 - rag_service - WARNING - Skipping document with empty body: 
2025-12-07 18:23:45,234 - rag_service - WARNING - Skipping document with empty body: 
2025-12-07 18:23:45,234 - rag_service - WARNING - Skipping document with empty body: 
2025-12-07 18:23:45,234 - rag_service - WARNING - Skipping document with empty body: 
2025-12-07 18:23:45,234 - rag_service - WARNING - Skipping document with empty body: 
2025-12-07 18:23:45,234 - rag_service - WARNING - Skipping document with empty body: 
2025-12-07 18:23:45,234 - rag_service - WARNING - Skipping document with empty body: 
2025-12-07 18:23:45,234 - rag_service - WARNING - Skipping document with empty body: 
2025-12-07 18:23:45,234 - rag_service - WARNING - Skipping document with empty body: 
2025-12-07 18:23:45,234 - rag_service - WARNING - Skipping document with empty body: 
2025-12-07 18:23:45,234 - rag_service - WARNING - Skipping document with empty body: 
2025-12-07 18:23:45,234 - rag_service - WARNING - Skipping document with empty body: 
2025-12-07 18:23:45,234 - rag_service - WARNING - Skipping document with empty body: 
2025-12-07 18:23:45,234 - rag_service - WARNING - Skipping document with empty body: 
2025-12-07 18:23:45,234 - rag_service - WARNING - Skipping document with empty body: 
2025-12-07 18:23:45,234 - rag_service - WARNING - Skipping document with empty body: 
2025-12-07 18:23:45,234 - rag_service - WARNING - Skipping document with empty body: 
2025-12-07 18:23:45,234 - rag_service - WARNING - Skipping document with empty body: 
2025-12-07 18:23:45,234 - rag_service - WARNING - Skipping document with empty body: 
2025-12-07 18:23:45,234 - rag_service - WARNING - Skipping document with empty body: 
2025-12-07 18:23:45,234 - rag_service - WARNING - Skipping document with empty body: 
2025-12-07 18:23:45,234 - rag_service - WARNING - Skipping document with empty body: 
2025-12-07 18:23:45,234 - rag_service - WARNING - Skipping document with empty body: 
2025-12-07 18:23:45,234 - rag_service - WARNING - Skipping document with empty body: 
2025-12-07 18:23:45,234 - rag_service - WARNING - Skipping document with empty body: 
2025-12-07 18:23:45,234 - rag_service - WARNING - Skipping document with empty body: 
2025-12-07 18:23:45,234 - rag_service - WARNING - Skipping document with empty body: 
2025-12-07 18:23:45,234 - rag_service - WARNING - Skipping document with empty body: 
2025-12-07 18:23:45,234 - rag_service - WARNING - Skipping document with empty body: 
2025-12-07 18:23:45,234 - rag_service - WARNING - Skipping document with empty body: 
2025-12-07 18:23:45,235 - rag_service - WARNING - Skipping document with empty body: 
2025-12-07 18:23:45,235 - rag_service - WARNING - Skipping document with empty body: 
2025-12-07 18:23:45,235 - rag_service - WARNING - Skipping document with empty body: 
2025-12-07 18:23:45,235 - rag_service - WARNING - Skipping document with empty body: 
2025-12-07 18:23:45,235 - rag_service - WARNING - Skipping document with empty body: 
2025-12-07 18:23:45,235 - rag_service - WARNING - Skipping document with empty body: 
2025-12-07 18:23:45,235 - rag_service - WARNING - Skipping document with empty body: 
2025-12-07 18:23:45,235 - rag_service - WARNING - Skipping document with empty body: 
2025-12-07 18:23:45,235 - rag_service - WARNING - Skipping document with empty body: 
2025-12-07 18:23:45,235 - rag_service - WARNING - Skipping document with empty body: 
2025-12-07 18:23:45,235 - rag_service - WARNING - Skipping document with empty body: 
2025-12-07 18:23:45,235 - rag_service - WARNING - Skipping document with empty body: 
2025-12-07 18:23:45,235 - rag_service - WARNING - Skipping document with empty body: 
2025-12-07 18:23:45,235 - rag_service - WARNING - Skipping document with empty body: 
2025-12-07 18:23:45,235 - rag_service - WARNING - Skipping document with empty body: 
2025-12-07 18:23:45,235 - rag_service - WARNING - Skipping document with empty body: 
2025-12-07 18:23:45,235 - rag_service - WARNING - Skipping document with empty body: 
2025-12-07 18:23:45,235 - rag_service - WARNING - Skipping document with empty body: 
2025-12-07 18:23:45,235 - rag_service - WARNING - Skipping document with empty body: 
2025-12-07 18:23:45,235 - rag_service - WARNING - Skipping document with empty body: 
2025-12-07 18:23:45,235 - rag_service - WARNING - Skipping document with empty body: 
2025-12-07 18:23:45,235 - rag_service - WARNING - Skipping document with empty body: 
2025-12-07 18:23:45,235 - rag_service - WARNING - Skipping document with empty body: 
2025-12-07 18:23:45,235 - rag_service - WARNING - Skipping document with empty body: 
2025-12-07 18:23:45,235 - rag_service - WARNING - Skipping document with empty body: 
2025-12-07 18:23:45,235 - rag_service - WARNING - Skipping document with empty body: 
2025-12-07 18:23:45,235 - rag_service - WARNING - Skipping document with empty body: 
2025-12-07 18:23:45,235 - rag_service - WARNING - Skipping document with empty body: 
2025-12-07 18:23:45,235 - rag_service - WARNING - Skipping document with empty body: 
2025-12-07 18:23:45,235 - rag_service - WARNING - Skipping document with empty body: 
2025-12-07 18:23:45,235 - rag_service - WARNING - Skipping document with empty body: 
2025-12-07 18:23:45,235 - rag_service - WARNING - Skipping document with empty body: 
2025-12-07 18:23:45,235 - rag_service - WARNING - Skipping document with empty body: 
2025-12-07 18:23:45,236 - rag_service - WARNING - Skipping document with empty body: 
2025-12-07 18:23:45,236 - rag_service - WARNING - Skipping document with empty body: 
2025-12-07 18:23:45,236 - rag_service - WARNING - Skipping document with empty body: 
2025-12-07 18:23:45,236 - rag_service - WARNING - Skipping document with empty body: 
2025-12-07 18:23:45,236 - rag_service - WARNING - Skipping document with empty body: 
2025-12-07 18:23:45,236 - rag_service - WARNING - Skipping document with empty body: 
2025-12-07 18:23:45,236 - rag_service - WARNING - Skipping document with empty body: 
2025-12-07 18:23:45,236 - rag_service - INFO - Processed batch 2: 101-200 / 2556
2025-12-07 18:23:45,236 - rag_service - WARNING - Skipping document with empty body: 
2025-12-07 18:23:45,236 - rag_service - WARNING - Skipping document with empty body: 
2025-12-07 18:23:45,236 - rag_service - WARNING - Skipping document with empty body: 
2025-12-07 18:23:45,236 - rag_service - WARNING - Skipping document with empty body: 
2025-12-07 18:23:45,236 - rag_service - WARNING - Skipping document with empty body: 
2025-12-07 18:23:45,236 - rag_service - WARNING - Skipping document with empty body: 
2025-12-07 18:23:45,236 - rag_service - WARNING - Skipping document with empty body: 
2025-12-07 18:23:45,236 - rag_service - WARNING - Skipping document with empty body: 
2025-12-07 18:23:45,236 - rag_service - WARNING - Skipping document with empty body: 
2025-12-07 18:23:45,236 - rag_service - WARNING - Skipping document with empty body: 
2025-12-07 18:23:45,236 - rag_service - WARNING - Skipping document with empty body: 
2025-12-07 18:23:45,236 - rag_service - WARNING - Skipping document with empty body: 
2025-12-07 18:23:45,236 - rag_service - WARNING - Skipping document with empty body: 
2025-12-07 18:23:45,236 - rag_service - WARNING - Skipping document with empty body: 
2025-12-07 18:23:45,236 - rag_service - WARNING - Skipping document with empty body: 
2025-12-07 18:23:45,236 - rag_service - WARNING - Skipping document with empty body: 
2025-12-07 18:23:45,236 - rag_service - WARNING - Skipping document with empty body: 
2025-12-07 18:23:45,236 - rag_service - WARNING - Skipping document with empty body: 
2025-12-07 18:23:45,236 - rag_service - WARNING - Skipping document with empty body: 
2025-12-07 18:23:45,236 - rag_service - WARNING - Skipping document with empty body: 
2025-12-07 18:23:45,236 - rag_service - WARNING - Skipping document with empty body: 
2025-12-07 18:23:45,236 - rag_service - WARNING - Skipping document with empty body: 
2025-12-07 18:23:45,236 - rag_service - WARNING - Skipping document with empty body: 
2025-12-07 18:23:45,236 - rag_service - WARNING - Skipping document with empty body: 
2025-12-07 18:23:45,236 - rag_service - WARNING - Skipping document with empty body: 
2025-12-07 18:23:45,237 - rag_service - WARNING - Skipping document with empty body: 
2025-12-07 18:23:45,237 - rag_service - WARNING - Skipping document with empty body: 
2025-12-07 18:23:45,237 - rag_service - WARNING - Skipping document with empty body: 
2025-12-07 18:23:45,237 - rag_service - WARNING - Skipping document with empty body: 
2025-12-07 18:23:45,237 - rag_service - WARNING - Skipping document with empty body: 
2025-12-07 18:23:45,237 - rag_service - WARNING - Skipping document with empty body: 
2025-12-07 18:23:45,237 - rag_service - WARNING - Skipping document with empty body: 
2025-12-07 18:23:45,237 - rag_service - WARNING - Skipping document with empty body: 
2025-12-07 18:23:45,237 - rag_service - WARNING - Skipping document with empty body: 
2025-12-07 18:23:45,237 - rag_service - WARNING - Skipping document with empty body: 
2025-12-07 18:23:45,237 - rag_service - WARNING - Skipping document with empty body: 
2025-12-07 18:23:45,237 - rag_service - WARNING - Skipping document with empty body: 
2025-12-07 18:23:45,237 - rag_service - WARNING - Skipping document with empty body: 
2025-12-07 18:23:45,237 - rag_service - WARNING - Skipping document with empty body: 
2025-12-07 18:23:45,237 - rag_service - WARNING - Skipping document with empty body: 
2025-12-07 18:23:45,237 - rag_service - WARNING - Skipping document with empty body: 
2025-12-07 18:23:45,237 - rag_service - WARNING - Skipping document with empty body: 
2025-12-07 18:23:45,237 - rag_service - WARNING - Skipping document with empty body: 
2025-12-07 18:23:45,237 - rag_service - WARNING - Skipping document with empty body: 
2025-12-07 18:23:45,237 - rag_service - WARNING - Skipping document with empty body: 
2025-12-07 18:23:45,237 - rag_service - WARNING - Skipping document with empty body: 
2025-12-07 18:23:45,237 - rag_service - WARNING - Skipping document with empty body: 
2025-12-07 18:23:45,237 - rag_service - WARNING - Skipping document with empty body: 
2025-12-07 18:23:45,237 - rag_service - WARNING - Skipping document with empty body: 
2025-12-07 18:23:45,237 - rag_service - WARNING - Skipping document with empty body: 
2025-12-07 18:23:45,237 - rag_service - WARNING - Skipping document with empty body: 
2025-12-07 18:23:45,237 - rag_service - WARNING - Skipping document with empty body: 
2025-12-07 18:23:45,237 - rag_service - WARNING - Skipping document with empty body: 
2025-12-07 18:23:45,237 - rag_service - WARNING - Skipping document with empty body: 
2025-12-07 18:23:45,237 - rag_service - WARNING - Skipping document with empty body: 
2025-12-07 18:23:45,237 - rag_service - WARNING - Skipping document with empty body: 
2025-12-07 18:23:45,237 - rag_service - WARNING - Skipping document with empty body: 
2025-12-07 18:23:45,237 - rag_service - WARNING - Skipping document with empty body: 
2025-12-07 18:23:45,238 - rag_service - WARNING - Skipping document with empty body: 
2025-12-07 18:23:45,238 - rag_service - WARNING - Skipping document with empty body: 
2025-12-07 18:23:45,238 - rag_service - WARNING - Skipping document with empty body: 
2025-12-07 18:23:45,238 - rag_service - WARNING - Skipping document with empty body: 
2025-12-07 18:23:45,238 - rag_service - WARNING - Skipping document with empty body: 
2025-12-07 18:23:45,238 - rag_service - WARNING - Skipping document with empty body: 
2025-12-07 18:23:45,238 - rag_service - WARNING - Skipping document with empty body: 
2025-12-07 18:23:45,238 - rag_service - WARNING - Skipping document with empty body: 
2025-12-07 18:23:45,238 - rag_service - WARNING - Skipping document with empty body: 
2025-12-07 18:23:45,238 - rag_service - WARNING - Skipping document with empty body: 
2025-12-07 18:23:45,238 - rag_service - WARNING - Skipping document with empty body: 
2025-12-07 18:23:45,238 - rag_service - WARNING - Skipping document with empty body: 
2025-12-07 18:23:45,238 - rag_service - WARNING - Skipping document with empty body: 
2025-12-07 18:23:45,238 - rag_service - WARNING - Skipping document with empty body: 
2025-12-07 18:23:45,238 - rag_service - WARNING - Skipping document with empty body: 
2025-12-07 18:23:45,238 - rag_service - WARNING - Skipping document with empty body: 
2025-12-07 18:23:45,238 - rag_service - WARNING - Skipping document with empty body: 
2025-12-07 18:23:45,238 - rag_service - WARNING - Skipping document with empty body: 
2025-12-07 18:23:45,238 - rag_service - WARNING - Skipping document with empty body: 
2025-12-07 18:23:45,238 - rag_service - WARNING - Skipping document with empty body: 
2025-12-07 18:23:45,238 - rag_service - WARNING - Skipping document with empty body: 
2025-12-07 18:23:45,238 - rag_service - WARNING - Skipping document with empty body: 
2025-12-07 18:23:45,238 - rag_service - WARNING - Skipping document with empty body: 
2025-12-07 18:23:45,238 - rag_service - WARNING - Skipping document with empty body: 
2025-12-07 18:23:45,238 - rag_service - WARNING - Skipping document with empty body: 
2025-12-07 18:23:45,238 - rag_service - WARNING - Skipping document with empty body: 
2025-12-07 18:23:45,238 - rag_service - WARNING - Skipping document with empty body: 
2025-12-07 18:23:45,238 - rag_service - WARNING - Skipping document with empty body: 
2025-12-07 18:23:45,238 - rag_service - WARNING - Skipping document with empty body: 
2025-12-07 18:23:45,238 - rag_service - WARNING - Skipping document with empty body: 
2025-12-07 18:23:45,238 - rag_service - WARNING - Skipping document with empty body: 
2025-12-07 18:23:45,238 - rag_service - WARNING - Skipping document with empty body: 
2025-12-07 18:23:45,238 - rag_service - WARNING - Skipping document with empty body: 
2025-12-07 18:23:45,239 - rag_service - WARNING - Skipping document with empty body: 
2025-12-07 18:23:45,239 - rag_service - WARNING - Skipping document with empty body: 
2025-12-07 18:23:45,239 - rag_service - WARNING - Skipping document with empty body: 
2025-12-07 18:23:45,239 - rag_service - WARNING - Skipping document with empty body: 
2025-12-07 18:23:45,239 - rag_service - WARNING - Skipping document with empty body: 
2025-12-07 18:23:45,239 - rag_service - WARNING - Skipping document with empty body: 
2025-12-07 18:23:45,239 - rag_service - WARNING - Skipping document with empty body: 
2025-12-07 18:23:45,239 - rag_service - WARNING - Skipping document with empty body: 
2025-12-07 18:23:45,239 - rag_service - WARNING - Skipping document with empty body: 
2025-12-07 18:23:45,239 - rag_service - INFO - Processed batch 3: 201-300 / 2556
2025-12-07 18:23:45,239 - rag_service - WARNING - Skipping document with empty body: 
2025-12-07 18:23:45,239 - rag_service - WARNING - Skipping document with empty body: 
2025-12-07 18:23:45,239 - rag_service - WARNING - Skipping document with empty body: 
2025-12-07 18:23:45,239 - rag_service - WARNING - Skipping document with empty body: 
2025-12-07 18:23:45,239 - rag_service - WARNING - Skipping document with empty body: 
2025-12-07 18:23:45,239 - rag_service - WARNING - Skipping document with empty body: 
2025-12-07 18:23:45,239 - rag_service - WARNING - Skipping document with empty body: 
2025-12-07 18:23:45,239 - rag_service - WARNING - Skipping document with empty body: 
2025-12-07 18:23:45,239 - rag_service - WARNING - Skipping document with empty body: 
2025-12-07 18:23:45,239 - rag_service - WARNING - Skipping document with empty body: 
2025-12-07 18:23:45,239 - rag_service - WARNING - Skipping document with empty body: 
2025-12-07 18:23:45,239 - rag_service - WARNING - Skipping document with empty body: 
2025-12-07 18:23:45,239 - rag_service - WARNING - Skipping document with empty body: 
2025-12-07 18:23:45,239 - rag_service - WARNING - Skipping document with empty body: 
2025-12-07 18:23:45,239 - rag_service - WARNING - Skipping document with empty body: 
2025-12-07 18:23:45,239 - rag_service - WARNING - Skipping document with empty body: 
2025-12-07 18:23:45,239 - rag_service - WARNING - Skipping document with empty body: 
2025-12-07 18:23:45,239 - rag_service - WARNING - Skipping document with empty body: 
2025-12-07 18:23:45,239 - rag_service - WARNING - Skipping document with empty body: 
2025-12-07 18:23:45,239 - rag_service - WARNING - Skipping document with empty body: 
2025-12-07 18:23:45,239 - rag_service - WARNING - Skipping document with empty body: 
2025-12-07 18:23:45,239 - rag_service - WARNING - Skipping document with empty body: 
2025-12-07 18:23:45,239 - rag_service - WARNING - Skipping document with empty body: 
2025-12-07 18:23:45,240 - rag_service - WARNING - Skipping document with empty body: 
2025-12-07 18:23:45,240 - rag_service - WARNING - Skipping document with empty body: 
2025-12-07 18:23:45,240 - rag_service - WARNING - Skipping document with empty body: 
2025-12-07 18:23:45,240 - rag_service - WARNING - Skipping document with empty body: 
2025-12-07 18:23:45,240 - rag_service - WARNING - Skipping document with empty body: 
2025-12-07 18:23:45,240 - rag_service - WARNING - Skipping document with empty body: 
2025-12-07 18:23:45,240 - rag_service - WARNING - Skipping document with empty body: 
2025-12-07 18:23:45,240 - rag_service - WARNING - Skipping document with empty body: 
2025-12-07 18:23:45,240 - rag_service - WARNING - Skipping document with empty body: 
2025-12-07 18:23:45,240 - rag_service - WARNING - Skipping document with empty body: 
2025-12-07 18:23:45,240 - rag_service - WARNING - Skipping document with empty body: 
2025-12-07 18:23:45,240 - rag_service - WARNING - Skipping document with empty body: 
2025-12-07 18:23:45,240 - rag_service - WARNING - Skipping document with empty body: 
2025-12-07 18:23:45,240 - rag_service - WARNING - Skipping document with empty body: 
2025-12-07 18:23:45,240 - rag_service - WARNING - Skipping document with empty body: 
2025-12-07 18:23:45,240 - rag_service - WARNING - Skipping document with empty body: 
2025-12-07 18:23:45,240 - rag_service - WARNING - Skipping document with empty body: 
2025-12-07 18:23:45,240 - rag_service - WARNING - Skipping document with empty body: 
2025-12-07 18:23:45,240 - rag_service - WARNING - Skipping document with empty body: 
2025-12-07 18:23:45,240 - rag_service - WARNING - Skipping document with empty body: 
2025-12-07 18:23:45,240 - rag_service - WARNING - Skipping document with empty body: 
2025-12-07 18:23:45,240 - rag_service - WARNING - Skipping document with empty body: 
2025-12-07 18:23:45,240 - rag_service - WARNING - Skipping document with empty body: 
2025-12-07 18:23:45,240 - rag_service - WARNING - Skipping document with empty body: 
2025-12-07 18:23:45,240 - rag_service - WARNING - Skipping document with empty body: 
2025-12-07 18:23:45,240 - rag_service - WARNING - Skipping document with empty body: 
2025-12-07 18:23:45,240 - rag_service - WARNING - Skipping document with empty body: 
2025-12-07 18:23:45,240 - rag_service - WARNING - Skipping document with empty body: 
2025-12-07 18:23:45,240 - rag_service - WARNING - Skipping document with empty body: 
2025-12-07 18:23:45,240 - rag_service - WARNING - Skipping document with empty body: 
2025-12-07 18:23:45,240 - rag_service - WARNING - Skipping document with empty body: 
2025-12-07 18:23:45,240 - rag_service - WARNING - Skipping document with empty body: 
2025-12-07 18:23:45,240 - rag_service - WARNING - Skipping document with empty body: 
2025-12-07 18:23:45,241 - rag_service - WARNING - Skipping document with empty body: 
2025-12-07 18:23:45,241 - rag_service - WARNING - Skipping document with empty body: 
2025-12-07 18:23:45,241 - rag_service - WARNING - Skipping document with empty body: 
2025-12-07 18:23:45,241 - rag_service - WARNING - Skipping document with empty body: 
2025-12-07 18:23:45,241 - rag_service - WARNING - Skipping document with empty body: 
2025-12-07 18:23:45,241 - rag_service - WARNING - Skipping document with empty body: 
2025-12-07 18:23:45,241 - rag_service - WARNING - Skipping document with empty body: 
2025-12-07 18:23:45,241 - rag_service - WARNING - Skipping document with empty body: 
2025-12-07 18:23:45,241 - rag_service - WARNING - Skipping document with empty body: 
2025-12-07 18:23:45,241 - rag_service - WARNING - Skipping document with empty body: 
2025-12-07 18:23:45,241 - rag_service - WARNING - Skipping document with empty body: 
2025-12-07 18:23:45,241 - rag_service - WARNING - Skipping document with empty body: 
2025-12-07 18:23:45,241 - rag_service - WARNING - Skipping document with empty body: 
2025-12-07 18:23:45,241 - rag_service - WARNING - Skipping document with empty body: 
2025-12-07 18:23:45,241 - rag_service - WARNING - Skipping document with empty body: 
2025-12-07 18:23:45,241 - rag_service - WARNING - Skipping document with empty body: 
2025-12-07 18:23:45,241 - rag_service - WARNING - Skipping document with empty body: 
2025-12-07 18:23:45,241 - rag_service - WARNING - Skipping document with empty body: 
2025-12-07 18:23:45,241 - rag_service - WARNING - Skipping document with empty body: 
2025-12-07 18:23:45,241 - rag_service - WARNING - Skipping document with empty body: 
2025-12-07 18:23:45,241 - rag_service - WARNING - Skipping document with empty body: 
2025-12-07 18:23:45,241 - rag_service - WARNING - Skipping document with empty body: 
2025-12-07 18:23:45,241 - rag_service - WARNING - Skipping document with empty body: 
2025-12-07 18:23:45,241 - rag_service - WARNING - Skipping document with empty body: 
2025-12-07 18:23:45,241 - rag_service - WARNING - Skipping document with empty body: 
2025-12-07 18:23:45,241 - rag_service - WARNING - Skipping document with empty body: 
2025-12-07 18:23:45,241 - rag_service - WARNING - Skipping document with empty body: 
2025-12-07 18:23:45,241 - rag_service - WARNING - Skipping document with empty body: 
2025-12-07 18:23:45,241 - rag_service - WARNING - Skipping document with empty body: 
2025-12-07 18:23:45,241 - rag_service - WARNING - Skipping document with empty body: 
2025-12-07 18:23:45,241 - rag_service - WARNING - Skipping document with empty body: 
2025-12-07 18:23:45,241 - rag_service - WARNING - Skipping document with empty body: 
2025-12-07 18:23:45,241 - rag_service - WARNING - Skipping document with empty body: 
2025-12-07 18:23:45,242 - rag_service - WARNING - Skipping document with empty body: 
2025-12-07 18:23:45,242 - rag_service - WARNING - Skipping document with empty body: 
2025-12-07 18:23:45,242 - rag_service - WARNING - Skipping document with empty body: 
2025-12-07 18:23:45,242 - rag_service - WARNING - Skipping document with empty body: 
2025-12-07 18:23:45,242 - rag_service - WARNING - Skipping document with empty body: 
2025-12-07 18:23:45,242 - rag_service - WARNING - Skipping document with empty body: 
2025-12-07 18:23:45,242 - rag_service - WARNING - Skipping document with empty body: 
2025-12-07 18:23:45,242 - rag_service - WARNING - Skipping document with empty body: 
2025-12-07 18:23:45,242 - rag_service - WARNING - Skipping document with empty body: 
2025-12-07 18:23:45,242 - rag_service - WARNING - Skipping document with empty body: 
2025-12-07 18:23:45,242 - rag_service - WARNING - Skipping document with empty body: 
2025-12-07 18:23:45,242 - rag_service - INFO - Processed batch 4: 301-400 / 2556
2025-12-07 18:23:45,242 - rag_service - WARNING - Skipping document with empty body: 
2025-12-07 18:23:45,242 - rag_service - WARNING - Skipping document with empty body: 
2025-12-07 18:23:45,242 - rag_service - WARNING - Skipping document with empty body: 
2025-12-07 18:23:45,242 - rag_service - WARNING - Skipping document with empty body: 
2025-12-07 18:23:45,242 - rag_service - WARNING - Skipping document with empty body: 
2025-12-07 18:23:45,242 - rag_service - WARNING - Skipping document with empty body: 
2025-12-07 18:23:45,242 - rag_service - WARNING - Skipping document with empty body: 
2025-12-07 18:23:45,242 - rag_service - WARNING - Skipping document with empty body: 
2025-12-07 18:23:45,242 - rag_service - WARNING - Skipping document with empty body: 
2025-12-07 18:23:45,242 - rag_service - WARNING - Skipping document with empty body: 
2025-12-07 18:23:45,242 - rag_service - WARNING - Skipping document with empty body: 
2025-12-07 18:23:45,242 - rag_service - WARNING - Skipping document with empty body: 
2025-12-07 18:23:45,242 - rag_service - WARNING - Skipping document with empty body: 
2025-12-07 18:23:45,242 - rag_service - WARNING - Skipping document with empty body: 
2025-12-07 18:23:45,242 - rag_service - WARNING - Skipping document with empty body: 
2025-12-07 18:23:45,242 - rag_service - WARNING - Skipping document with empty body: 
2025-12-07 18:23:45,242 - rag_service - WARNING - Skipping document with empty body: 
2025-12-07 18:23:45,242 - rag_service - WARNING - Skipping document with empty body: 
2025-12-07 18:23:45,242 - rag_service - WARNING - Skipping document with empty body: 
2025-12-07 18:23:45,242 - rag_service - WARNING - Skipping document with empty body: 
2025-12-07 18:23:45,242 - rag_service - WARNING - Skipping document with empty body: 
2025-12-07 18:23:45,243 - rag_service - WARNING - Skipping document with empty body: 
2025-12-07 18:23:45,243 - rag_service - WARNING - Skipping document with empty body: 
2025-12-07 18:23:45,243 - rag_service - WARNING - Skipping document with empty body: 
2025-12-07 18:23:45,243 - rag_service - WARNING - Skipping document with empty body: 
2025-12-07 18:23:45,243 - rag_service - WARNING - Skipping document with empty body: 
2025-12-07 18:23:45,243 - rag_service - WARNING - Skipping document with empty body: 
2025-12-07 18:23:45,243 - rag_service - WARNING - Skipping document with empty body: 
2025-12-07 18:23:45,243 - rag_service - WARNING - Skipping document with empty body: 
2025-12-07 18:23:45,243 - rag_service - WARNING - Skipping document with empty body: 
2025-12-07 18:23:45,243 - rag_service - WARNING - Skipping document with empty body: 
2025-12-07 18:23:45,243 - rag_service - WARNING - Skipping document with empty body: 
2025-12-07 18:23:45,243 - rag_service - WARNING - Skipping document with empty body: 
2025-12-07 18:23:45,243 - rag_service - WARNING - Skipping document with empty body: 
2025-12-07 18:23:45,243 - rag_service - WARNING - Skipping document with empty body: 
2025-12-07 18:23:45,243 - rag_service - WARNING - Skipping document with empty body: 
2025-12-07 18:23:45,243 - rag_service - WARNING - Skipping document with empty body: 
2025-12-07 18:23:45,243 - rag_service - WARNING - Skipping document with empty body: 
2025-12-07 18:23:45,243 - rag_service - WARNING - Skipping document with empty body: 
2025-12-07 18:23:45,243 - rag_service - WARNING - Skipping document with empty body: 
2025-12-07 18:23:45,243 - rag_service - WARNING - Skipping document with empty body: 
2025-12-07 18:23:45,243 - rag_service - WARNING - Skipping document with empty body: 
2025-12-07 18:23:45,243 - rag_service - WARNING - Skipping document with empty body: 
2025-12-07 18:23:45,243 - rag_service - WARNING - Skipping document with empty body: 
2025-12-07 18:23:45,243 - rag_service - WARNING - Skipping document with empty body: 
2025-12-07 18:23:45,243 - rag_service - WARNING - Skipping document with empty body: 
2025-12-07 18:23:45,243 - rag_service - WARNING - Skipping document with empty body: 
2025-12-07 18:23:45,243 - rag_service - WARNING - Skipping document with empty body: 
2025-12-07 18:23:45,243 - rag_service - WARNING - Skipping document with empty body: 
2025-12-07 18:23:45,243 - rag_service - WARNING - Skipping document with empty body: 
2025-12-07 18:23:45,243 - rag_service - WARNING - Skipping document with empty body: 
2025-12-07 18:23:45,243 - rag_service - WARNING - Skipping document with empty body: 
2025-12-07 18:23:45,243 - rag_service - WARNING - Skipping document with empty body: 
2025-12-07 18:23:45,243 - rag_service - WARNING - Skipping document with empty body: 
2025-12-07 18:23:45,243 - rag_service - WARNING - Skipping document with empty body: 
2025-12-07 18:23:45,244 - rag_service - WARNING - Skipping document with empty body: 
2025-12-07 18:23:45,244 - rag_service - WARNING - Skipping document with empty body: 
2025-12-07 18:23:45,244 - rag_service - WARNING - Skipping document with empty body: 
2025-12-07 18:23:45,244 - rag_service - WARNING - Skipping document with empty body: 
2025-12-07 18:23:45,244 - rag_service - WARNING - Skipping document with empty body: 
2025-12-07 18:23:45,244 - rag_service - WARNING - Skipping document with empty body: 
2025-12-07 18:23:45,244 - rag_service - WARNING - Skipping document with empty body: 
2025-12-07 18:23:45,244 - rag_service - WARNING - Skipping document with empty body: 
2025-12-07 18:23:45,244 - rag_service - WARNING - Skipping document with empty body: 
2025-12-07 18:23:45,247 - rag_service - WARNING - Skipping document with empty body: 
2025-12-07 18:23:45,247 - rag_service - WARNING - Skipping document with empty body: 
2025-12-07 18:23:45,247 - rag_service - WARNING - Skipping document with empty body: 
2025-12-07 18:23:45,247 - rag_service - WARNING - Skipping document with empty body: 
2025-12-07 18:23:45,247 - rag_service - WARNING - Skipping document with empty body: 
2025-12-07 18:23:45,247 - rag_service - WARNING - Skipping document with empty body: 
2025-12-07 18:23:45,247 - rag_service - WARNING - Skipping document with empty body: 
2025-12-07 18:23:45,247 - rag_service - WARNING - Skipping document with empty body: 
2025-12-07 18:23:45,248 - rag_service - WARNING - Skipping document with empty body: 
2025-12-07 18:23:45,248 - rag_service - WARNING - Skipping document with empty body: 
2025-12-07 18:23:45,248 - rag_service - WARNING - Skipping document with empty body: 
2025-12-07 18:23:45,248 - rag_service - WARNING - Skipping document with empty body: 
2025-12-07 18:23:45,248 - rag_service - WARNING - Skipping document with empty body: 
2025-12-07 18:23:45,248 - rag_service - WARNING - Skipping document with empty body: 
2025-12-07 18:23:45,248 - rag_service - WARNING - Skipping document with empty body: 
2025-12-07 18:23:45,248 - rag_service - WARNING - Skipping document with empty body: 
2025-12-07 18:23:45,248 - rag_service - WARNING - Skipping document with empty body: 
2025-12-07 18:23:45,248 - rag_service - WARNING - Skipping document with empty body: 
2025-12-07 18:23:45,248 - rag_service - WARNING - Skipping document with empty body: 
2025-12-07 18:23:45,248 - rag_service - WARNING - Skipping document with empty body: 
2025-12-07 18:23:45,248 - rag_service - WARNING - Skipping document with empty body: 
2025-12-07 18:23:45,248 - rag_service - WARNING - Skipping document with empty body: 
2025-12-07 18:23:45,248 - rag_service - WARNING - Skipping document with empty body: 
2025-12-07 18:23:45,248 - rag_service - WARNING - Skipping document with empty body: 
2025-12-07 18:23:45,248 - rag_service - WARNING - Skipping document with empty body: 
2025-12-07 18:23:45,248 - rag_service - WARNING - Skipping document with empty body: 
2025-12-07 18:23:45,248 - rag_service - WARNING - Skipping document with empty body: 
2025-12-07 18:23:45,248 - rag_service - WARNING - Skipping document with empty body: 
2025-12-07 18:23:45,248 - rag_service - WARNING - Skipping document with empty body: 
2025-12-07 18:23:45,248 - rag_service - WARNING - Skipping document with empty body: 
2025-12-07 18:23:45,248 - rag_service - WARNING - Skipping document with empty body: 
2025-12-07 18:23:45,248 - rag_service - WARNING - Skipping document with empty body: 
2025-12-07 18:23:45,248 - rag_service - WARNING - Skipping document with empty body: 
2025-12-07 18:23:45,248 - rag_service - WARNING - Skipping document with empty body: 
2025-12-07 18:23:45,248 - rag_service - WARNING - Skipping document with empty body: 
2025-12-07 18:23:45,248 - rag_service - WARNING - Skipping document with empty body: 
2025-12-07 18:23:45,248 - rag_service - INFO - Processed batch 5: 401-500 / 2556
2025-12-07 18:23:45,248 - rag_service - WARNING - Skipping document with empty body: 
2025-12-07 18:23:45,248 - rag_service - WARNING - Skipping document with empty body: 
2025-12-07 18:23:45,248 - rag_service - WARNING - Skipping document with empty body: 
2025-12-07 18:23:45,248 - rag_service - WARNING - Skipping document with empty body: 
2025-12-07 18:23:45,248 - rag_service - WARNING - Skipping document with empty body: 
2025-12-07 18:23:45,249 - rag_service - WARNING - Skipping document with empty body: 
2025-12-07 18:23:45,249 - rag_service - WARNING - Skipping document with empty body: 
2025-12-07 18:23:45,249 - rag_service - WARNING - Skipping document with empty body: 
2025-12-07 18:23:45,249 - rag_service - WARNING - Skipping document with empty body: 
2025-12-07 18:23:45,249 - rag_service - WARNING - Skipping document with empty body: 
2025-12-07 18:23:45,249 - rag_service - WARNING - Skipping document with empty body: 
2025-12-07 18:23:45,249 - rag_service - WARNING - Skipping document with empty body: 
2025-12-07 18:23:45,249 - rag_service - WARNING - Skipping document with empty body: 
2025-12-07 18:23:45,249 - rag_service - WARNING - Skipping document with empty body: 
2025-12-07 18:23:45,249 - rag_service - WARNING - Skipping document with empty body: 
2025-12-07 18:23:45,249 - rag_service - WARNING - Skipping document with empty body: 
2025-12-07 18:23:45,249 - rag_service - WARNING - Skipping document with empty body: 
2025-12-07 18:23:45,249 - rag_service - WARNING - Skipping document with empty body: 
2025-12-07 18:23:45,249 - rag_service - WARNING - Skipping document with empty body: 
2025-12-07 18:23:45,249 - rag_service - WARNING - Skipping document with empty body: 
2025-12-07 18:23:45,249 - rag_service - WARNING - Skipping document with empty body: 
2025-12-07 18:23:45,249 - rag_service - WARNING - Skipping document with empty body: 
2025-12-07 18:23:45,249 - rag_service - WARNING - Skipping document with empty body: 
2025-12-07 18:23:45,249 - rag_service - WARNING - Skipping document with empty body: 
2025-12-07 18:23:45,249 - rag_service - WARNING - Skipping document with empty body: 
2025-12-07 18:23:45,249 - rag_service - WARNING - Skipping document with empty body: 
2025-12-07 18:23:45,249 - rag_service - WARNING - Skipping document with empty body: 
2025-12-07 18:23:45,249 - rag_service - WARNING - Skipping document with empty body: 
2025-12-07 18:23:45,249 - rag_service - WARNING - Skipping document with empty body: 
2025-12-07 18:23:45,249 - rag_service - WARNING - Skipping document with empty body: 
2025-12-07 18:23:45,249 - rag_service - WARNING - Skipping document with empty body: 
2025-12-07 18:23:45,249 - rag_service - WARNING - Skipping document with empty body: 
2025-12-07 18:23:45,249 - rag_service - WARNING - Skipping document with empty body: 
2025-12-07 18:23:45,249 - rag_service - WARNING - Skipping document with empty body: 
2025-12-07 18:23:45,249 - rag_service - WARNING - Skipping document with empty body: 
2025-12-07 18:23:45,249 - rag_service - WARNING - Skipping document with empty body: 
2025-12-07 18:23:45,249 - rag_service - WARNING - Skipping document with empty body: 
2025-12-07 18:23:45,250 - rag_service - WARNING - Skipping document with empty body: 
2025-12-07 18:23:45,250 - rag_service - WARNING - Skipping document with empty body: 
2025-12-07 18:23:45,250 - rag_service - WARNING - Skipping document with empty body: 
2025-12-07 18:23:45,250 - rag_service - WARNING - Skipping document with empty body: 
2025-12-07 18:23:45,250 - rag_service - WARNING - Skipping document with empty body: 
2025-12-07 18:23:45,250 - rag_service - WARNING - Skipping document with empty body: 
2025-12-07 18:23:45,250 - rag_service - WARNING - Skipping document with empty body: 
2025-12-07 18:23:45,250 - rag_service - WARNING - Skipping document with empty body: 
2025-12-07 18:23:45,250 - rag_service - WARNING - Skipping document with empty body: 
2025-12-07 18:23:45,250 - rag_service - WARNING - Skipping document with empty body: 
2025-12-07 18:23:45,250 - rag_service - WARNING - Skipping document with empty body: 
2025-12-07 18:23:45,250 - rag_service - WARNING - Skipping document with empty body: 
2025-12-07 18:23:45,250 - rag_service - WARNING - Skipping document with empty body: 
2025-12-07 18:23:45,250 - rag_service - WARNING - Skipping document with empty body: 
2025-12-07 18:23:45,250 - rag_service - WARNING - Skipping document with empty body: 
2025-12-07 18:23:45,250 - rag_service - WARNING - Skipping document with empty body: 
2025-12-07 18:23:45,250 - rag_service - WARNING - Skipping document with empty body: 
2025-12-07 18:23:45,250 - rag_service - WARNING - Skipping document with empty body: 
2025-12-07 18:23:45,250 - rag_service - WARNING - Skipping document with empty body: 
2025-12-07 18:23:45,250 - rag_service - WARNING - Skipping document with empty body: 
2025-12-07 18:23:45,250 - rag_service - WARNING - Skipping document with empty body: 
2025-12-07 18:23:45,250 - rag_service - WARNING - Skipping document with empty body: 
2025-12-07 18:23:45,250 - rag_service - WARNING - Skipping document with empty body: 
2025-12-07 18:23:45,250 - rag_service - WARNING - Skipping document with empty body: 
2025-12-07 18:23:45,250 - rag_service - WARNING - Skipping document with empty body: 
2025-12-07 18:23:45,250 - rag_service - WARNING - Skipping document with empty body: 
2025-12-07 18:23:45,250 - rag_service - WARNING - Skipping document with empty body: 
2025-12-07 18:23:45,250 - rag_service - WARNING - Skipping document with empty body: 
2025-12-07 18:23:45,250 - rag_service - WARNING - Skipping document with empty body: 
2025-12-07 18:23:45,250 - rag_service - WARNING - Skipping document with empty body: 
2025-12-07 18:23:45,250 - rag_service - WARNING - Skipping document with empty body: 
2025-12-07 18:23:45,250 - rag_service - WARNING - Skipping document with empty body: 
2025-12-07 18:23:45,250 - rag_service - WARNING - Skipping document with empty body: 
2025-12-07 18:23:45,250 - rag_service - WARNING - Skipping document with empty body: 
2025-12-07 18:23:45,250 - rag_service - WARNING - Skipping document with empty body: 
2025-12-07 18:23:45,250 - rag_service - WARNING - Skipping document with empty body: 
2025-12-07 18:23:45,250 - rag_service - WARNING - Skipping document with empty body: 
2025-12-07 18:23:45,251 - rag_service - WARNING - Skipping document with empty body: 
2025-12-07 18:23:45,251 - rag_service - WARNING - Skipping document with empty body: 
2025-12-07 18:23:45,251 - rag_service - WARNING - Skipping document with empty body: 
2025-12-07 18:23:45,251 - rag_service - WARNING - Skipping document with empty body: 
2025-12-07 18:23:45,251 - rag_service - WARNING - Skipping document with empty body: 
2025-12-07 18:23:45,251 - rag_service - WARNING - Skipping document with empty body: 
2025-12-07 18:23:45,251 - rag_service - WARNING - Skipping document with empty body: 
2025-12-07 18:23:45,251 - rag_service - WARNING - Skipping document with empty body: 
2025-12-07 18:23:45,251 - rag_service - WARNING - Skipping document with empty body: 
2025-12-07 18:23:45,251 - rag_service - WARNING - Skipping document with empty body: 
2025-12-07 18:23:45,251 - rag_service - WARNING - Skipping document with empty body: 
2025-12-07 18:23:45,251 - rag_service - WARNING - Skipping document with empty body: 
2025-12-07 18:23:45,251 - rag_service - WARNING - Skipping document with empty body: 
2025-12-07 18:23:45,251 - rag_service - WARNING - Skipping document with empty body: 
2025-12-07 18:23:45,251 - rag_service - WARNING - Skipping document with empty body: 
2025-12-07 18:23:45,251 - rag_service - WARNING - Skipping document with empty body: 
2025-12-07 18:23:45,251 - rag_service - WARNING - Skipping document with empty body: 
2025-12-07 18:23:45,251 - rag_service - WARNING - Skipping document with empty body: 
2025-12-07 18:23:45,251 - rag_service - WARNING - Skipping document with empty body: 
2025-12-07 18:23:45,251 - rag_service - WARNING - Skipping document with empty body: 
2025-12-07 18:23:45,251 - rag_service - WARNING - Skipping document with empty body: 
2025-12-07 18:23:45,251 - rag_service - WARNING - Skipping document with empty body: 
2025-12-07 18:23:45,251 - rag_service - WARNING - Skipping document with empty body: 
2025-12-07 18:23:45,251 - rag_service - WARNING - Skipping document with empty body: 
2025-12-07 18:23:45,251 - rag_service - WARNING - Skipping document with empty body: 
2025-12-07 18:23:45,251 - rag_service - WARNING - Skipping document with empty body: 
2025-12-07 18:23:45,251 - rag_service - INFO - Processed batch 6: 501-600 / 2556
2025-12-07 18:23:45,251 - rag_service - WARNING - Skipping document with empty body: 
2025-12-07 18:23:45,251 - rag_service - WARNING - Skipping document with empty body: 
2025-12-07 18:23:45,251 - rag_service - WARNING - Skipping document with empty body: 
2025-12-07 18:23:45,251 - rag_service - WARNING - Skipping document with empty body: 
2025-12-07 18:23:45,251 - rag_service - WARNING - Skipping document with empty body: 
2025-12-07 18:23:45,251 - rag_service - WARNING - Skipping document with empty body: 
2025-12-07 18:23:45,251 - rag_service - WARNING - Skipping document with empty body: 
2025-12-07 18:23:45,251 - rag_service - WARNING - Skipping document with empty body: 
2025-12-07 18:23:45,251 - rag_service - WARNING - Skipping document with empty body: 
2025-12-07 18:23:45,251 - rag_service - WARNING - Skipping document with empty body: 
2025-12-07 18:23:45,251 - rag_service - WARNING - Skipping document with empty body: 
2025-12-07 18:23:45,252 - rag_service - WARNING - Skipping document with empty body: 
2025-12-07 18:23:45,252 - rag_service - WARNING - Skipping document with empty body: 
2025-12-07 18:23:45,252 - rag_service - WARNING - Skipping document with empty body: 
2025-12-07 18:23:45,252 - rag_service - WARNING - Skipping document with empty body: 
2025-12-07 18:23:45,252 - rag_service - WARNING - Skipping document with empty body: 
2025-12-07 18:23:45,252 - rag_service - WARNING - Skipping document with empty body: 
2025-12-07 18:23:45,252 - rag_service - WARNING - Skipping document with empty body: 
2025-12-07 18:23:45,252 - rag_service - WARNING - Skipping document with empty body: 
2025-12-07 18:23:45,252 - rag_service - WARNING - Skipping document with empty body: 
2025-12-07 18:23:45,252 - rag_service - WARNING - Skipping document with empty body: 
2025-12-07 18:23:45,252 - rag_service - WARNING - Skipping document with empty body: 
2025-12-07 18:23:45,252 - rag_service - WARNING - Skipping document with empty body: 
2025-12-07 18:23:45,252 - rag_service - WARNING - Skipping document with empty body: 
2025-12-07 18:23:45,252 - rag_service - WARNING - Skipping document with empty body: 
2025-12-07 18:23:45,252 - rag_service - WARNING - Skipping document with empty body: 
2025-12-07 18:23:45,252 - rag_service - WARNING - Skipping document with empty body: 
2025-12-07 18:23:45,252 - rag_service - WARNING - Skipping document with empty body: 
2025-12-07 18:23:45,252 - rag_service - WARNING - Skipping document with empty body: 
2025-12-07 18:23:45,252 - rag_service - WARNING - Skipping document with empty body: 
2025-12-07 18:23:45,252 - rag_service - WARNING - Skipping document with empty body: 
2025-12-07 18:23:45,252 - rag_service - WARNING - Skipping document with empty body: 
2025-12-07 18:23:45,252 - rag_service - WARNING - Skipping document with empty body: 
2025-12-07 18:23:45,252 - rag_service - WARNING - Skipping document with empty body: 
2025-12-07 18:23:45,252 - rag_service - WARNING - Skipping document with empty body: 
2025-12-07 18:23:45,252 - rag_service - WARNING - Skipping document with empty body: 
2025-12-07 18:23:45,252 - rag_service - WARNING - Skipping document with empty body: 
2025-12-07 18:23:45,252 - rag_service - WARNING - Skipping document with empty body: 
2025-12-07 18:23:45,252 - rag_service - WARNING - Skipping document with empty body: 
2025-12-07 18:23:45,252 - rag_service - WARNING - Skipping document with empty body: 
2025-12-07 18:23:45,252 - rag_service - WARNING - Skipping document with empty body: 
2025-12-07 18:23:45,252 - rag_service - WARNING - Skipping document with empty body: 
2025-12-07 18:23:45,252 - rag_service - WARNING - Skipping document with empty body: 
2025-12-07 18:23:45,252 - rag_service - WARNING - Skipping document with empty body: 
2025-12-07 18:23:45,252 - rag_service - WARNING - Skipping document with empty body: 
2025-12-07 18:23:45,252 - rag_service - WARNING - Skipping document with empty body: 
2025-12-07 18:23:45,252 - rag_service - WARNING - Skipping document with empty body: 
2025-12-07 18:23:45,252 - rag_service - WARNING - Skipping document with empty body: 
2025-12-07 18:23:45,252 - rag_service - WARNING - Skipping document with empty body: 
2025-12-07 18:23:45,253 - rag_service - WARNING - Skipping document with empty body: 
2025-12-07 18:23:45,253 - rag_service - WARNING - Skipping document with empty body: 
2025-12-07 18:23:45,253 - rag_service - WARNING - Skipping document with empty body: 
2025-12-07 18:23:45,253 - rag_service - WARNING - Skipping document with empty body: 
2025-12-07 18:23:45,253 - rag_service - WARNING - Skipping document with empty body: 
2025-12-07 18:23:45,253 - rag_service - WARNING - Skipping document with empty body: 
2025-12-07 18:23:45,253 - rag_service - WARNING - Skipping document with empty body: 
2025-12-07 18:23:45,253 - rag_service - WARNING - Skipping document with empty body: 
2025-12-07 18:23:45,253 - rag_service - WARNING - Skipping document with empty body: 
2025-12-07 18:23:45,253 - rag_service - WARNING - Skipping document with empty body: 
2025-12-07 18:23:45,253 - rag_service - WARNING - Skipping document with empty body: 
2025-12-07 18:23:45,253 - rag_service - WARNING - Skipping document with empty body: 
2025-12-07 18:23:45,253 - rag_service - WARNING - Skipping document with empty body: 
2025-12-07 18:23:45,253 - rag_service - WARNING - Skipping document with empty body: 
2025-12-07 18:23:45,253 - rag_service - WARNING - Skipping document with empty body: 
2025-12-07 18:23:45,253 - rag_service - WARNING - Skipping document with empty body: 
2025-12-07 18:23:45,253 - rag_service - WARNING - Skipping document with empty body: 
2025-12-07 18:23:45,253 - rag_service - WARNING - Skipping document with empty body: 
2025-12-07 18:23:45,253 - rag_service - WARNING - Skipping document with empty body: 
2025-12-07 18:23:45,253 - rag_service - WARNING - Skipping document with empty body: 
2025-12-07 18:23:45,253 - rag_service - WARNING - Skipping document with empty body: 
2025-12-07 18:23:45,253 - rag_service - WARNING - Skipping document with empty body: 
2025-12-07 18:23:45,253 - rag_service - WARNING - Skipping document with empty body: 
2025-12-07 18:23:45,253 - rag_service - WARNING - Skipping document with empty body: 
2025-12-07 18:23:45,253 - rag_service - WARNING - Skipping document with empty body: 
2025-12-07 18:23:45,253 - rag_service - WARNING - Skipping document with empty body: 
2025-12-07 18:23:45,253 - rag_service - WARNING - Skipping document with empty body: 
2025-12-07 18:23:45,253 - rag_service - WARNING - Skipping document with empty body: 
2025-12-07 18:23:45,253 - rag_service - WARNING - Skipping document with empty body: 
2025-12-07 18:23:45,253 - rag_service - WARNING - Skipping document with empty body: 
2025-12-07 18:23:45,253 - rag_service - WARNING - Skipping document with empty body: 
2025-12-07 18:23:45,253 - rag_service - WARNING - Skipping document with empty body: 
2025-12-07 18:23:45,253 - rag_service - WARNING - Skipping document with empty body: 
2025-12-07 18:23:45,253 - rag_service - WARNING - Skipping document with empty body: 
2025-12-07 18:23:45,253 - rag_service - WARNING - Skipping document with empty body: 
2025-12-07 18:23:45,253 - rag_service - WARNING - Skipping document with empty body: 
2025-12-07 18:23:45,253 - rag_service - WARNING - Skipping document with empty body: 
2025-12-07 18:23:45,254 - rag_service - WARNING - Skipping document with empty body: 
2025-12-07 18:23:45,254 - rag_service - WARNING - Skipping document with empty body: 
2025-12-07 18:23:45,254 - rag_service - WARNING - Skipping document with empty body: 
2025-12-07 18:23:45,254 - rag_service - WARNING - Skipping document with empty body: 
2025-12-07 18:23:45,254 - rag_service - WARNING - Skipping document with empty body: 
2025-12-07 18:23:45,254 - rag_service - WARNING - Skipping document with empty body: 
2025-12-07 18:23:45,254 - rag_service - WARNING - Skipping document with empty body: 
2025-12-07 18:23:45,254 - rag_service - WARNING - Skipping document with empty body: 
2025-12-07 18:23:45,254 - rag_service - WARNING - Skipping document with empty body: 
2025-12-07 18:23:45,254 - rag_service - WARNING - Skipping document with empty body: 
2025-12-07 18:23:45,254 - rag_service - WARNING - Skipping document with empty body: 
2025-12-07 18:23:45,254 - rag_service - WARNING - Skipping document with empty body: 
2025-12-07 18:23:45,254 - rag_service - WARNING - Skipping document with empty body: 
2025-12-07 18:23:45,254 - rag_service - WARNING - Skipping document with empty body: 
2025-12-07 18:23:45,254 - rag_service - INFO - Processed batch 7: 601-700 / 2556
2025-12-07 18:23:45,254 - rag_service - WARNING - Skipping document with empty body: 
2025-12-07 18:23:45,254 - rag_service - WARNING - Skipping document with empty body: 
2025-12-07 18:23:45,254 - rag_service - WARNING - Skipping document with empty body: 
2025-12-07 18:23:45,254 - rag_service - WARNING - Skipping document with empty body: 
2025-12-07 18:23:45,254 - rag_service - WARNING - Skipping document with empty body: 
2025-12-07 18:23:45,254 - rag_service - WARNING - Skipping document with empty body: 
2025-12-07 18:23:45,254 - rag_service - WARNING - Skipping document with empty body: 
2025-12-07 18:23:45,254 - rag_service - WARNING - Skipping document with empty body: 
2025-12-07 18:23:45,254 - rag_service - WARNING - Skipping document with empty body: 
2025-12-07 18:23:45,254 - rag_service - WARNING - Skipping document with empty body: 
2025-12-07 18:23:45,254 - rag_service - WARNING - Skipping document with empty body: 
2025-12-07 18:23:45,254 - rag_service - WARNING - Skipping document with empty body: 
2025-12-07 18:23:45,254 - rag_service - WARNING - Skipping document with empty body: 
2025-12-07 18:23:45,254 - rag_service - WARNING - Skipping document with empty body: 
2025-12-07 18:23:45,254 - rag_service - WARNING - Skipping document with empty body: 
2025-12-07 18:23:45,254 - rag_service - WARNING - Skipping document with empty body: 
2025-12-07 18:23:45,254 - rag_service - WARNING - Skipping document with empty body: 
2025-12-07 18:23:45,254 - rag_service - WARNING - Skipping document with empty body: 
2025-12-07 18:23:45,254 - rag_service - WARNING - Skipping document with empty body: 
2025-12-07 18:23:45,254 - rag_service - WARNING - Skipping document with empty body: 
2025-12-07 18:23:45,254 - rag_service - WARNING - Skipping document with empty body: 
2025-12-07 18:23:45,254 - rag_service - WARNING - Skipping document with empty body: 
2025-12-07 18:23:45,254 - rag_service - WARNING - Skipping document with empty body: 
2025-12-07 18:23:45,254 - rag_service - WARNING - Skipping document with empty body: 
2025-12-07 18:23:45,254 - rag_service - WARNING - Skipping document with empty body: 
2025-12-07 18:23:45,254 - rag_service - WARNING - Skipping document with empty body: 
2025-12-07 18:23:45,254 - rag_service - WARNING - Skipping document with empty body: 
2025-12-07 18:23:45,255 - rag_service - WARNING - Skipping document with empty body: 
2025-12-07 18:23:45,255 - rag_service - WARNING - Skipping document with empty body: 
2025-12-07 18:23:45,255 - rag_service - WARNING - Skipping document with empty body: 
2025-12-07 18:23:45,255 - rag_service - WARNING - Skipping document with empty body: 
2025-12-07 18:23:45,255 - rag_service - WARNING - Skipping document with empty body: 
2025-12-07 18:23:45,255 - rag_service - WARNING - Skipping document with empty body: 
2025-12-07 18:23:45,255 - rag_service - WARNING - Skipping document with empty body: 
2025-12-07 18:23:45,255 - rag_service - WARNING - Skipping document with empty body: 
2025-12-07 18:23:45,255 - rag_service - WARNING - Skipping document with empty body: 
2025-12-07 18:23:45,255 - rag_service - WARNING - Skipping document with empty body: 
2025-12-07 18:23:45,255 - rag_service - WARNING - Skipping document with empty body: 
2025-12-07 18:23:45,255 - rag_service - WARNING - Skipping document with empty body: 
2025-12-07 18:23:45,255 - rag_service - WARNING - Skipping document with empty body: 
2025-12-07 18:23:45,255 - rag_service - WARNING - Skipping document with empty body: 
2025-12-07 18:23:45,255 - rag_service - WARNING - Skipping document with empty body: 
2025-12-07 18:23:45,255 - rag_service - WARNING - Skipping document with empty body: 
2025-12-07 18:23:45,255 - rag_service - WARNING - Skipping document with empty body: 
2025-12-07 18:23:45,255 - rag_service - WARNING - Skipping document with empty body: 
2025-12-07 18:23:45,255 - rag_service - WARNING - Skipping document with empty body: 
2025-12-07 18:23:45,255 - rag_service - WARNING - Skipping document with empty body: 
2025-12-07 18:23:45,255 - rag_service - WARNING - Skipping document with empty body: 
2025-12-07 18:23:45,255 - rag_service - WARNING - Skipping document with empty body: 
2025-12-07 18:23:45,255 - rag_service - WARNING - Skipping document with empty body: 
2025-12-07 18:23:45,255 - rag_service - WARNING - Skipping document with empty body: 
2025-12-07 18:23:45,255 - rag_service - WARNING - Skipping document with empty body: 
2025-12-07 18:23:45,255 - rag_service - WARNING - Skipping document with empty body: 
2025-12-07 18:23:45,255 - rag_service - WARNING - Skipping document with empty body: 
2025-12-07 18:23:45,255 - rag_service - WARNING - Skipping document with empty body: 
2025-12-07 18:23:45,255 - rag_service - WARNING - Skipping document with empty body: 
2025-12-07 18:23:45,255 - rag_service - WARNING - Skipping document with empty body: 
2025-12-07 18:23:45,255 - rag_service - WARNING - Skipping document with empty body: 
2025-12-07 18:23:45,255 - rag_service - WARNING - Skipping document with empty body: 
2025-12-07 18:23:45,255 - rag_service - WARNING - Skipping document with empty body: 
2025-12-07 18:23:45,255 - rag_service - WARNING - Skipping document with empty body: 
2025-12-07 18:23:45,255 - rag_service - WARNING - Skipping document with empty body: 
2025-12-07 18:23:45,255 - rag_service - WARNING - Skipping document with empty body: 
2025-12-07 18:23:45,255 - rag_service - WARNING - Skipping document with empty body: 
2025-12-07 18:23:45,255 - rag_service - WARNING - Skipping document with empty body: 
2025-12-07 18:23:45,255 - rag_service - WARNING - Skipping document with empty body: 
2025-12-07 18:23:45,255 - rag_service - WARNING - Skipping document with empty body: 
2025-12-07 18:23:45,255 - rag_service - WARNING - Skipping document with empty body: 
2025-12-07 18:23:45,255 - rag_service - WARNING - Skipping document with empty body: 
2025-12-07 18:23:45,255 - rag_service - WARNING - Skipping document with empty body: 
2025-12-07 18:23:45,256 - rag_service - WARNING - Skipping document with empty body: 
2025-12-07 18:23:45,256 - rag_service - WARNING - Skipping document with empty body: 
2025-12-07 18:23:45,256 - rag_service - WARNING - Skipping document with empty body: 
2025-12-07 18:23:45,256 - rag_service - WARNING - Skipping document with empty body: 
2025-12-07 18:23:45,256 - rag_service - WARNING - Skipping document with empty body: 
2025-12-07 18:23:45,256 - rag_service - WARNING - Skipping document with empty body: 
2025-12-07 18:23:45,256 - rag_service - WARNING - Skipping document with empty body: 
2025-12-07 18:23:45,256 - rag_service - WARNING - Skipping document with empty body: 
2025-12-07 18:23:45,256 - rag_service - WARNING - Skipping document with empty body: 
2025-12-07 18:23:45,256 - rag_service - WARNING - Skipping document with empty body: 
2025-12-07 18:23:45,256 - rag_service - WARNING - Skipping document with empty body: 
2025-12-07 18:23:45,256 - rag_service - WARNING - Skipping document with empty body: 
2025-12-07 18:23:45,256 - rag_service - WARNING - Skipping document with empty body: 
2025-12-07 18:23:45,256 - rag_service - WARNING - Skipping document with empty body: 
2025-12-07 18:23:45,256 - rag_service - WARNING - Skipping document with empty body: 
2025-12-07 18:23:45,256 - rag_service - WARNING - Skipping document with empty body: 
2025-12-07 18:23:45,256 - rag_service - WARNING - Skipping document with empty body: 
2025-12-07 18:23:45,256 - rag_service - WARNING - Skipping document with empty body: 
2025-12-07 18:23:45,256 - rag_service - WARNING - Skipping document with empty body: 
2025-12-07 18:23:45,256 - rag_service - WARNING - Skipping document with empty body: 
2025-12-07 18:23:45,256 - rag_service - WARNING - Skipping document with empty body: 
2025-12-07 18:23:45,256 - rag_service - WARNING - Skipping document with empty body: 
2025-12-07 18:23:45,256 - rag_service - WARNING - Skipping document with empty body: 
2025-12-07 18:23:45,256 - rag_service - WARNING - Skipping document with empty body: 
2025-12-07 18:23:45,256 - rag_service - WARNING - Skipping document with empty body: 
2025-12-07 18:23:45,256 - rag_service - WARNING - Skipping document with empty body: 
2025-12-07 18:23:45,256 - rag_service - WARNING - Skipping document with empty body: 
2025-12-07 18:23:45,256 - rag_service - WARNING - Skipping document with empty body: 
2025-12-07 18:23:45,256 - rag_service - WARNING - Skipping document with empty body: 
2025-12-07 18:23:45,256 - rag_service - WARNING - Skipping document with empty body: 
2025-12-07 18:23:45,256 - rag_service - INFO - Processed batch 8: 701-800 / 2556
2025-12-07 18:23:45,256 - rag_service - WARNING - Skipping document with empty body: 
2025-12-07 18:23:45,256 - rag_service - WARNING - Skipping document with empty body: 
2025-12-07 18:23:45,256 - rag_service - WARNING - Skipping document with empty body: 
2025-12-07 18:23:45,256 - rag_service - WARNING - Skipping document with empty body: 
2025-12-07 18:23:45,256 - rag_service - WARNING - Skipping document with empty body: 
2025-12-07 18:23:45,256 - rag_service - WARNING - Skipping document with empty body: 
2025-12-07 18:23:45,256 - rag_service - WARNING - Skipping document with empty body: 
2025-12-07 18:23:45,256 - rag_service - WARNING - Skipping document with empty body: 
2025-12-07 18:23:45,256 - rag_service - WARNING - Skipping document with empty body: 
2025-12-07 18:23:45,256 - rag_service - WARNING - Skipping document with empty body: 
2025-12-07 18:23:45,256 - rag_service - WARNING - Skipping document with empty body: 
2025-12-07 18:23:45,257 - rag_service - WARNING - Skipping document with empty body: 
2025-12-07 18:23:45,257 - rag_service - WARNING - Skipping document with empty body: 
2025-12-07 18:23:45,257 - rag_service - WARNING - Skipping document with empty body: 
2025-12-07 18:23:45,257 - rag_service - WARNING - Skipping document with empty body: 
2025-12-07 18:23:45,257 - rag_service - WARNING - Skipping document with empty body: 
2025-12-07 18:23:45,257 - rag_service - WARNING - Skipping document with empty body: 
2025-12-07 18:23:45,257 - rag_service - WARNING - Skipping document with empty body: 
2025-12-07 18:23:45,257 - rag_service - WARNING - Skipping document with empty body: 
2025-12-07 18:23:45,257 - rag_service - WARNING - Skipping document with empty body: 
2025-12-07 18:23:45,257 - rag_service - WARNING - Skipping document with empty body: 
2025-12-07 18:23:45,257 - rag_service - WARNING - Skipping document with empty body: 
2025-12-07 18:23:45,257 - rag_service - WARNING - Skipping document with empty body: 
2025-12-07 18:23:45,257 - rag_service - WARNING - Skipping document with empty body: 
2025-12-07 18:23:45,257 - rag_service - WARNING - Skipping document with empty body: 
2025-12-07 18:23:45,257 - rag_service - WARNING - Skipping document with empty body: 
2025-12-07 18:23:45,257 - rag_service - WARNING - Skipping document with empty body: 
2025-12-07 18:23:45,257 - rag_service - WARNING - Skipping document with empty body: 
2025-12-07 18:23:45,257 - rag_service - WARNING - Skipping document with empty body: 
2025-12-07 18:23:45,257 - rag_service - WARNING - Skipping document with empty body: 
2025-12-07 18:23:45,257 - rag_service - WARNING - Skipping document with empty body: 
2025-12-07 18:23:45,257 - rag_service - WARNING - Skipping document with empty body: 
2025-12-07 18:23:45,257 - rag_service - WARNING - Skipping document with empty body: 
2025-12-07 18:23:45,257 - rag_service - WARNING - Skipping document with empty body: 
2025-12-07 18:23:45,257 - rag_service - WARNING - Skipping document with empty body: 
2025-12-07 18:23:45,257 - rag_service - WARNING - Skipping document with empty body: 
2025-12-07 18:23:45,257 - rag_service - WARNING - Skipping document with empty body: 
2025-12-07 18:23:45,257 - rag_service - WARNING - Skipping document with empty body: 
2025-12-07 18:23:45,257 - rag_service - WARNING - Skipping document with empty body: 
2025-12-07 18:23:45,257 - rag_service - WARNING - Skipping document with empty body: 
2025-12-07 18:23:45,257 - rag_service - WARNING - Skipping document with empty body: 
2025-12-07 18:23:45,257 - rag_service - WARNING - Skipping document with empty body: 
2025-12-07 18:23:45,257 - rag_service - WARNING - Skipping document with empty body: 
2025-12-07 18:23:45,257 - rag_service - WARNING - Skipping document with empty body: 
2025-12-07 18:23:45,257 - rag_service - WARNING - Skipping document with empty body: 
2025-12-07 18:23:45,257 - rag_service - WARNING - Skipping document with empty body: 
2025-12-07 18:23:45,257 - rag_service - WARNING - Skipping document with empty body: 
2025-12-07 18:23:45,257 - rag_service - WARNING - Skipping document with empty body: 
2025-12-07 18:23:45,257 - rag_service - WARNING - Skipping document with empty body: 
2025-12-07 18:23:45,257 - rag_service - WARNING - Skipping document with empty body: 
2025-12-07 18:23:45,257 - rag_service - WARNING - Skipping document with empty body: 
2025-12-07 18:23:45,257 - rag_service - WARNING - Skipping document with empty body: 
2025-12-07 18:23:45,257 - rag_service - WARNING - Skipping document with empty body: 
2025-12-07 18:23:45,257 - rag_service - WARNING - Skipping document with empty body: 
2025-12-07 18:23:45,258 - rag_service - WARNING - Skipping document with empty body: 
2025-12-07 18:23:45,258 - rag_service - WARNING - Skipping document with empty body: 
2025-12-07 18:23:45,258 - rag_service - WARNING - Skipping document with empty body: 
2025-12-07 18:23:45,258 - rag_service - WARNING - Skipping document with empty body: 
2025-12-07 18:23:45,258 - rag_service - WARNING - Skipping document with empty body: 
2025-12-07 18:23:45,258 - rag_service - WARNING - Skipping document with empty body: 
2025-12-07 18:23:45,258 - rag_service - WARNING - Skipping document with empty body: 
2025-12-07 18:23:45,258 - rag_service - WARNING - Skipping document with empty body: 
2025-12-07 18:23:45,258 - rag_service - WARNING - Skipping document with empty body: 
2025-12-07 18:23:45,258 - rag_service - WARNING - Skipping document with empty body: 
2025-12-07 18:23:45,258 - rag_service - WARNING - Skipping document with empty body: 
2025-12-07 18:23:45,258 - rag_service - WARNING - Skipping document with empty body: 
2025-12-07 18:23:45,258 - rag_service - WARNING - Skipping document with empty body: 
2025-12-07 18:23:45,258 - rag_service - WARNING - Skipping document with empty body: 
2025-12-07 18:23:45,258 - rag_service - WARNING - Skipping document with empty body: 
2025-12-07 18:23:45,258 - rag_service - WARNING - Skipping document with empty body: 
2025-12-07 18:23:45,258 - rag_service - WARNING - Skipping document with empty body: 
2025-12-07 18:23:45,258 - rag_service - WARNING - Skipping document with empty body: 
2025-12-07 18:23:45,258 - rag_service - WARNING - Skipping document with empty body: 
2025-12-07 18:23:45,258 - rag_service - WARNING - Skipping document with empty body: 
2025-12-07 18:23:45,258 - rag_service - WARNING - Skipping document with empty body: 
2025-12-07 18:23:45,258 - rag_service - WARNING - Skipping document with empty body: 
2025-12-07 18:23:45,258 - rag_service - WARNING - Skipping document with empty body: 
2025-12-07 18:23:45,258 - rag_service - WARNING - Skipping document with empty body: 
2025-12-07 18:23:45,258 - rag_service - WARNING - Skipping document with empty body: 
2025-12-07 18:23:45,258 - rag_service - WARNING - Skipping document with empty body: 
2025-12-07 18:23:45,258 - rag_service - WARNING - Skipping document with empty body: 
2025-12-07 18:23:45,258 - rag_service - WARNING - Skipping document with empty body: 
2025-12-07 18:23:45,258 - rag_service - WARNING - Skipping document with empty body: 
2025-12-07 18:23:45,258 - rag_service - WARNING - Skipping document with empty body: 
2025-12-07 18:23:45,258 - rag_service - WARNING - Skipping document with empty body: 
2025-12-07 18:23:45,258 - rag_service - WARNING - Skipping document with empty body: 
2025-12-07 18:23:45,258 - rag_service - WARNING - Skipping document with empty body: 
2025-12-07 18:23:45,258 - rag_service - WARNING - Skipping document with empty body: 
2025-12-07 18:23:45,258 - rag_service - WARNING - Skipping document with empty body: 
2025-12-07 18:23:45,258 - rag_service - WARNING - Skipping document with empty body: 
2025-12-07 18:23:45,258 - rag_service - WARNING - Skipping document with empty body: 
2025-12-07 18:23:45,258 - rag_service - WARNING - Skipping document with empty body: 
2025-12-07 18:23:45,258 - rag_service - WARNING - Skipping document with empty body: 
2025-12-07 18:23:45,258 - rag_service - WARNING - Skipping document with empty body: 
2025-12-07 18:23:45,258 - rag_service - WARNING - Skipping document with empty body: 
2025-12-07 18:23:45,258 - rag_service - WARNING - Skipping document with empty body: 
2025-12-07 18:23:45,259 - rag_service - WARNING - Skipping document with empty body: 
2025-12-07 18:23:45,259 - rag_service - WARNING - Skipping document with empty body: 
2025-12-07 18:23:45,259 - rag_service - WARNING - Skipping document with empty body: 
2025-12-07 18:23:45,259 - rag_service - WARNING - Skipping document with empty body: 
2025-12-07 18:23:45,259 - rag_service - INFO - Processed batch 9: 801-900 / 2556
2025-12-07 18:23:45,259 - rag_service - WARNING - Skipping document with empty body: 
2025-12-07 18:23:45,259 - rag_service - WARNING - Skipping document with empty body: 
2025-12-07 18:23:45,259 - rag_service - WARNING - Skipping document with empty body: 
2025-12-07 18:23:45,259 - rag_service - WARNING - Skipping document with empty body: 
2025-12-07 18:23:45,259 - rag_service - WARNING - Skipping document with empty body: 
2025-12-07 18:23:45,259 - rag_service - WARNING - Skipping document with empty body: 
2025-12-07 18:23:45,259 - rag_service - WARNING - Skipping document with empty body: 
2025-12-07 18:23:45,259 - rag_service - WARNING - Skipping document with empty body: 
2025-12-07 18:23:45,259 - rag_service - WARNING - Skipping document with empty body: 
2025-12-07 18:23:45,259 - rag_service - WARNING - Skipping document with empty body: 
2025-12-07 18:23:45,259 - rag_service - WARNING - Skipping document with empty body: 
2025-12-07 18:23:45,259 - rag_service - WARNING - Skipping document with empty body: 
2025-12-07 18:23:45,259 - rag_service - WARNING - Skipping document with empty body: 
2025-12-07 18:23:45,259 - rag_service - WARNING - Skipping document with empty body: 
2025-12-07 18:23:45,259 - rag_service - WARNING - Skipping document with empty body: 
2025-12-07 18:23:45,259 - rag_service - WARNING - Skipping document with empty body: 
2025-12-07 18:23:45,259 - rag_service - WARNING - Skipping document with empty body: 
2025-12-07 18:23:45,259 - rag_service - WARNING - Skipping document with empty body: 
2025-12-07 18:23:45,259 - rag_service - WARNING - Skipping document with empty body: 
2025-12-07 18:23:45,259 - rag_service - WARNING - Skipping document with empty body: 
2025-12-07 18:23:45,259 - rag_service - WARNING - Skipping document with empty body: 
2025-12-07 18:23:45,259 - rag_service - WARNING - Skipping document with empty body: 
2025-12-07 18:23:45,259 - rag_service - WARNING - Skipping document with empty body: 
2025-12-07 18:23:45,259 - rag_service - WARNING - Skipping document with empty body: 
2025-12-07 18:23:45,259 - rag_service - WARNING - Skipping document with empty body: 
2025-12-07 18:23:45,259 - rag_service - WARNING - Skipping document with empty body: 
2025-12-07 18:23:45,259 - rag_service - WARNING - Skipping document with empty body: 
2025-12-07 18:23:45,259 - rag_service - WARNING - Skipping document with empty body: 
2025-12-07 18:23:45,259 - rag_service - WARNING - Skipping document with empty body: 
2025-12-07 18:23:45,259 - rag_service - WARNING - Skipping document with empty body: 
2025-12-07 18:23:45,259 - rag_service - WARNING - Skipping document with empty body: 
2025-12-07 18:23:45,259 - rag_service - WARNING - Skipping document with empty body: 
2025-12-07 18:23:45,259 - rag_service - WARNING - Skipping document with empty body: 
2025-12-07 18:23:45,259 - rag_service - WARNING - Skipping document with empty body: 
2025-12-07 18:23:45,259 - rag_service - WARNING - Skipping document with empty body: 
2025-12-07 18:23:45,259 - rag_service - WARNING - Skipping document with empty body: 
2025-12-07 18:23:45,259 - rag_service - WARNING - Skipping document with empty body: 
2025-12-07 18:23:45,260 - rag_service - WARNING - Skipping document with empty body: 
2025-12-07 18:23:45,260 - rag_service - WARNING - Skipping document with empty body: 
2025-12-07 18:23:45,260 - rag_service - WARNING - Skipping document with empty body: 
2025-12-07 18:23:45,260 - rag_service - WARNING - Skipping document with empty body: 
2025-12-07 18:23:45,260 - rag_service - WARNING - Skipping document with empty body: 
2025-12-07 18:23:45,260 - rag_service - WARNING - Skipping document with empty body: 
2025-12-07 18:23:45,260 - rag_service - WARNING - Skipping document with empty body: 
2025-12-07 18:23:45,260 - rag_service - WARNING - Skipping document with empty body: 
2025-12-07 18:23:45,260 - rag_service - WARNING - Skipping document with empty body: 
2025-12-07 18:23:45,260 - rag_service - WARNING - Skipping document with empty body: 
2025-12-07 18:23:45,260 - rag_service - WARNING - Skipping document with empty body: 
2025-12-07 18:23:45,260 - rag_service - WARNING - Skipping document with empty body: 
2025-12-07 18:23:45,260 - rag_service - WARNING - Skipping document with empty body: 
2025-12-07 18:23:45,260 - rag_service - WARNING - Skipping document with empty body: 
2025-12-07 18:23:45,260 - rag_service - WARNING - Skipping document with empty body: 
2025-12-07 18:23:45,260 - rag_service - WARNING - Skipping document with empty body: 
2025-12-07 18:23:45,260 - rag_service - WARNING - Skipping document with empty body: 
2025-12-07 18:23:45,260 - rag_service - WARNING - Skipping document with empty body: 
2025-12-07 18:23:45,260 - rag_service - WARNING - Skipping document with empty body: 
2025-12-07 18:23:45,260 - rag_service - WARNING - Skipping document with empty body: 
2025-12-07 18:23:45,260 - rag_service - WARNING - Skipping document with empty body: 
2025-12-07 18:23:45,260 - rag_service - WARNING - Skipping document with empty body: 
2025-12-07 18:23:45,260 - rag_service - WARNING - Skipping document with empty body: 
2025-12-07 18:23:45,260 - rag_service - WARNING - Skipping document with empty body: 
2025-12-07 18:23:45,260 - rag_service - WARNING - Skipping document with empty body: 
2025-12-07 18:23:45,260 - rag_service - WARNING - Skipping document with empty body: 
2025-12-07 18:23:45,260 - rag_service - WARNING - Skipping document with empty body: 
2025-12-07 18:23:45,260 - rag_service - WARNING - Skipping document with empty body: 
2025-12-07 18:23:45,260 - rag_service - WARNING - Skipping document with empty body: 
2025-12-07 18:23:45,260 - rag_service - WARNING - Skipping document with empty body: 
2025-12-07 18:23:45,260 - rag_service - WARNING - Skipping document with empty body: 
2025-12-07 18:23:45,260 - rag_service - WARNING - Skipping document with empty body: 
2025-12-07 18:23:45,260 - rag_service - WARNING - Skipping document with empty body: 
2025-12-07 18:23:45,260 - rag_service - WARNING - Skipping document with empty body: 
2025-12-07 18:23:45,260 - rag_service - WARNING - Skipping document with empty body: 
2025-12-07 18:23:45,260 - rag_service - WARNING - Skipping document with empty body: 
2025-12-07 18:23:45,260 - rag_service - WARNING - Skipping document with empty body: 
2025-12-07 18:23:45,260 - rag_service - WARNING - Skipping document with empty body: 
2025-12-07 18:23:45,260 - rag_service - WARNING - Skipping document with empty body: 
2025-12-07 18:23:45,260 - rag_service - WARNING - Skipping document with empty body: 
2025-12-07 18:23:45,260 - rag_service - WARNING - Skipping document with empty body: 
2025-12-07 18:23:45,260 - rag_service - WARNING - Skipping document with empty body: 
2025-12-07 18:23:45,260 - rag_service - WARNING - Skipping document with empty body: 
2025-12-07 18:23:45,261 - rag_service - WARNING - Skipping document with empty body: 
2025-12-07 18:23:45,261 - rag_service - WARNING - Skipping document with empty body: 
2025-12-07 18:23:45,261 - rag_service - WARNING - Skipping document with empty body: 
2025-12-07 18:23:45,261 - rag_service - WARNING - Skipping document with empty body: 
2025-12-07 18:23:45,261 - rag_service - WARNING - Skipping document with empty body: 
2025-12-07 18:23:45,261 - rag_service - WARNING - Skipping document with empty body: 
2025-12-07 18:23:45,261 - rag_service - WARNING - Skipping document with empty body: 
2025-12-07 18:23:45,261 - rag_service - WARNING - Skipping document with empty body: 
2025-12-07 18:23:45,261 - rag_service - WARNING - Skipping document with empty body: 
2025-12-07 18:23:45,261 - rag_service - WARNING - Skipping document with empty body: 
2025-12-07 18:23:45,261 - rag_service - WARNING - Skipping document with empty body: 
2025-12-07 18:23:45,261 - rag_service - WARNING - Skipping document with empty body: 
2025-12-07 18:23:45,261 - rag_service - WARNING - Skipping document with empty body: 
2025-12-07 18:23:45,261 - rag_service - WARNING - Skipping document with empty body: 
2025-12-07 18:23:45,261 - rag_service - WARNING - Skipping document with empty body: 
2025-12-07 18:23:45,261 - rag_service - WARNING - Skipping document with empty body: 
2025-12-07 18:23:45,261 - rag_service - WARNING - Skipping document with empty body: 
2025-12-07 18:23:45,261 - rag_service - WARNING - Skipping document with empty body: 
2025-12-07 18:23:45,261 - rag_service - WARNING - Skipping document with empty body: 
2025-12-07 18:23:45,261 - rag_service - WARNING - Skipping document with empty body: 
2025-12-07 18:23:45,261 - rag_service - INFO - Processed batch 10: 901-1000 / 2556
2025-12-07 18:23:45,261 - rag_service - WARNING - Skipping document with empty body: 
2025-12-07 18:23:45,261 - rag_service - WARNING - Skipping document with empty body: 
2025-12-07 18:23:45,261 - rag_service - WARNING - Skipping document with empty body: 
2025-12-07 18:23:45,261 - rag_service - WARNING - Skipping document with empty body: 
2025-12-07 18:23:45,261 - rag_service - WARNING - Skipping document with empty body: 
2025-12-07 18:23:45,261 - rag_service - WARNING - Skipping document with empty body: 
2025-12-07 18:23:45,261 - rag_service - WARNING - Skipping document with empty body: 
2025-12-07 18:23:45,261 - rag_service - WARNING - Skipping document with empty body: 
2025-12-07 18:23:45,261 - rag_service - WARNING - Skipping document with empty body: 
2025-12-07 18:23:45,261 - rag_service - WARNING - Skipping document with empty body: 
2025-12-07 18:23:45,261 - rag_service - WARNING - Skipping document with empty body: 
2025-12-07 18:23:45,261 - rag_service - WARNING - Skipping document with empty body: 
2025-12-07 18:23:45,261 - rag_service - WARNING - Skipping document with empty body: 
2025-12-07 18:23:45,261 - rag_service - WARNING - Skipping document with empty body: 
2025-12-07 18:23:45,261 - rag_service - WARNING - Skipping document with empty body: 
2025-12-07 18:23:45,261 - rag_service - WARNING - Skipping document with empty body: 
2025-12-07 18:23:45,261 - rag_service - WARNING - Skipping document with empty body: 
2025-12-07 18:23:45,261 - rag_service - WARNING - Skipping document with empty body: 
2025-12-07 18:23:45,261 - rag_service - WARNING - Skipping document with empty body: 
2025-12-07 18:23:45,262 - rag_service - WARNING - Skipping document with empty body: 
2025-12-07 18:23:45,262 - rag_service - WARNING - Skipping document with empty body: 
2025-12-07 18:23:45,262 - rag_service - WARNING - Skipping document with empty body: 
2025-12-07 18:23:45,262 - rag_service - WARNING - Skipping document with empty body: 
2025-12-07 18:23:45,262 - rag_service - WARNING - Skipping document with empty body: 
2025-12-07 18:23:45,262 - rag_service - WARNING - Skipping document with empty body: 
2025-12-07 18:23:45,262 - rag_service - WARNING - Skipping document with empty body: 
2025-12-07 18:23:45,262 - rag_service - WARNING - Skipping document with empty body: 
2025-12-07 18:23:45,262 - rag_service - WARNING - Skipping document with empty body: 
2025-12-07 18:23:45,262 - rag_service - WARNING - Skipping document with empty body: 
2025-12-07 18:23:45,262 - rag_service - WARNING - Skipping document with empty body: 
2025-12-07 18:23:45,262 - rag_service - WARNING - Skipping document with empty body: 
2025-12-07 18:23:45,262 - rag_service - WARNING - Skipping document with empty body: 
2025-12-07 18:23:45,262 - rag_service - WARNING - Skipping document with empty body: 
2025-12-07 18:23:45,262 - rag_service - WARNING - Skipping document with empty body: 
2025-12-07 18:23:45,262 - rag_service - WARNING - Skipping document with empty body: 
2025-12-07 18:23:45,262 - rag_service - WARNING - Skipping document with empty body: 
2025-12-07 18:23:45,262 - rag_service - WARNING - Skipping document with empty body: 
2025-12-07 18:23:45,262 - rag_service - WARNING - Skipping document with empty body: 
2025-12-07 18:23:45,262 - rag_service - WARNING - Skipping document with empty body: 
2025-12-07 18:23:45,262 - rag_service - WARNING - Skipping document with empty body: 
2025-12-07 18:23:45,262 - rag_service - WARNING - Skipping document with empty body: 
2025-12-07 18:23:45,262 - rag_service - WARNING - Skipping document with empty body: 
2025-12-07 18:23:45,262 - rag_service - WARNING - Skipping document with empty body: 
2025-12-07 18:23:45,262 - rag_service - WARNING - Skipping document with empty body: 
2025-12-07 18:23:45,262 - rag_service - WARNING - Skipping document with empty body: 
2025-12-07 18:23:45,262 - rag_service - WARNING - Skipping document with empty body: 
2025-12-07 18:23:45,262 - rag_service - WARNING - Skipping document with empty body: 
2025-12-07 18:23:45,262 - rag_service - WARNING - Skipping document with empty body: 
2025-12-07 18:23:45,262 - rag_service - WARNING - Skipping document with empty body: 
2025-12-07 18:23:45,262 - rag_service - WARNING - Skipping document with empty body: 
2025-12-07 18:23:45,262 - rag_service - WARNING - Skipping document with empty body: 
2025-12-07 18:23:45,262 - rag_service - WARNING - Skipping document with empty body: 
2025-12-07 18:23:45,262 - rag_service - WARNING - Skipping document with empty body: 
2025-12-07 18:23:45,262 - rag_service - WARNING - Skipping document with empty body: 
2025-12-07 18:23:45,262 - rag_service - WARNING - Skipping document with empty body: 
2025-12-07 18:23:45,262 - rag_service - WARNING - Skipping document with empty body: 
2025-12-07 18:23:45,262 - rag_service - WARNING - Skipping document with empty body: 
2025-12-07 18:23:45,262 - rag_service - WARNING - Skipping document with empty body: 
2025-12-07 18:23:45,262 - rag_service - WARNING - Skipping document with empty body: 
2025-12-07 18:23:45,262 - rag_service - WARNING - Skipping document with empty body: 
2025-12-07 18:23:45,262 - rag_service - WARNING - Skipping document with empty body: 
2025-12-07 18:23:45,262 - rag_service - WARNING - Skipping document with empty body: 
2025-12-07 18:23:45,262 - rag_service - WARNING - Skipping document with empty body: 
2025-12-07 18:23:45,262 - rag_service - WARNING - Skipping document with empty body: 
2025-12-07 18:23:45,262 - rag_service - WARNING - Skipping document with empty body: 
2025-12-07 18:23:45,263 - rag_service - WARNING - Skipping document with empty body: 
2025-12-07 18:23:45,263 - rag_service - WARNING - Skipping document with empty body: 
2025-12-07 18:23:45,263 - rag_service - WARNING - Skipping document with empty body: 
2025-12-07 18:23:45,263 - rag_service - WARNING - Skipping document with empty body: 
2025-12-07 18:23:45,263 - rag_service - WARNING - Skipping document with empty body: 
2025-12-07 18:23:45,263 - rag_service - WARNING - Skipping document with empty body: 
2025-12-07 18:23:45,263 - rag_service - WARNING - Skipping document with empty body: 
2025-12-07 18:23:45,263 - rag_service - WARNING - Skipping document with empty body: 
2025-12-07 18:23:45,263 - rag_service - WARNING - Skipping document with empty body: 
2025-12-07 18:23:45,263 - rag_service - WARNING - Skipping document with empty body: 
2025-12-07 18:23:45,263 - rag_service - WARNING - Skipping document with empty body: 
2025-12-07 18:23:45,263 - rag_service - WARNING - Skipping document with empty body: 
2025-12-07 18:23:45,263 - rag_service - WARNING - Skipping document with empty body: 
2025-12-07 18:23:45,263 - rag_service - WARNING - Skipping document with empty body: 
2025-12-07 18:23:45,263 - rag_service - WARNING - Skipping document with empty body: 
2025-12-07 18:23:45,263 - rag_service - WARNING - Skipping document with empty body: 
2025-12-07 18:23:45,263 - rag_service - WARNING - Skipping document with empty body: 
2025-12-07 18:23:45,263 - rag_service - WARNING - Skipping document with empty body: 
2025-12-07 18:23:45,263 - rag_service - WARNING - Skipping document with empty body: 
2025-12-07 18:23:45,263 - rag_service - WARNING - Skipping document with empty body: 
2025-12-07 18:23:45,263 - rag_service - WARNING - Skipping document with empty body: 
2025-12-07 18:23:45,263 - rag_service - WARNING - Skipping document with empty body: 
2025-12-07 18:23:45,263 - rag_service - WARNING - Skipping document with empty body: 
2025-12-07 18:23:45,263 - rag_service - WARNING - Skipping document with empty body: 
2025-12-07 18:23:45,263 - rag_service - WARNING - Skipping document with empty body: 
2025-12-07 18:23:45,263 - rag_service - WARNING - Skipping document with empty body: 
2025-12-07 18:23:45,263 - rag_service - WARNING - Skipping document with empty body: 
2025-12-07 18:23:45,263 - rag_service - WARNING - Skipping document with empty body: 
2025-12-07 18:23:45,263 - rag_service - WARNING - Skipping document with empty body: 
2025-12-07 18:23:45,263 - rag_service - WARNING - Skipping document with empty body: 
2025-12-07 18:23:45,263 - rag_service - WARNING - Skipping document with empty body: 
2025-12-07 18:23:45,263 - rag_service - WARNING - Skipping document with empty body: 
2025-12-07 18:23:45,263 - rag_service - WARNING - Skipping document with empty body: 
2025-12-07 18:23:45,263 - rag_service - WARNING - Skipping document with empty body: 
2025-12-07 18:23:45,263 - rag_service - WARNING - Skipping document with empty body: 
2025-12-07 18:23:45,263 - rag_service - INFO - Processed batch 11: 1001-1100 / 2556
2025-12-07 18:23:45,263 - rag_service - WARNING - Skipping document with empty body: 
2025-12-07 18:23:45,263 - rag_service - WARNING - Skipping document with empty body: 
2025-12-07 18:23:45,263 - rag_service - WARNING - Skipping document with empty body: 
2025-12-07 18:23:45,263 - rag_service - WARNING - Skipping document with empty body: 
2025-12-07 18:23:45,263 - rag_service - WARNING - Skipping document with empty body: 
2025-12-07 18:23:45,263 - rag_service - WARNING - Skipping document with empty body: 
2025-12-07 18:23:45,263 - rag_service - WARNING - Skipping document with empty body: 
2025-12-07 18:23:45,263 - rag_service - WARNING - Skipping document with empty body: 
2025-12-07 18:23:45,263 - rag_service - WARNING - Skipping document with empty body: 
2025-12-07 18:23:45,264 - rag_service - WARNING - Skipping document with empty body: 
2025-12-07 18:23:45,264 - rag_service - WARNING - Skipping document with empty body: 
2025-12-07 18:23:45,264 - rag_service - WARNING - Skipping document with empty body: 
2025-12-07 18:23:45,264 - rag_service - WARNING - Skipping document with empty body: 
2025-12-07 18:23:45,264 - rag_service - WARNING - Skipping document with empty body: 
2025-12-07 18:23:45,264 - rag_service - WARNING - Skipping document with empty body: 
2025-12-07 18:23:45,264 - rag_service - WARNING - Skipping document with empty body: 
2025-12-07 18:23:45,264 - rag_service - WARNING - Skipping document with empty body: 
2025-12-07 18:23:45,264 - rag_service - WARNING - Skipping document with empty body: 
2025-12-07 18:23:45,264 - rag_service - WARNING - Skipping document with empty body: 
2025-12-07 18:23:45,264 - rag_service - WARNING - Skipping document with empty body: 
2025-12-07 18:23:45,264 - rag_service - WARNING - Skipping document with empty body: 
2025-12-07 18:23:45,264 - rag_service - WARNING - Skipping document with empty body: 
2025-12-07 18:23:45,264 - rag_service - WARNING - Skipping document with empty body: 
2025-12-07 18:23:45,264 - rag_service - WARNING - Skipping document with empty body: 
2025-12-07 18:23:45,264 - rag_service - WARNING - Skipping document with empty body: 
2025-12-07 18:23:45,264 - rag_service - WARNING - Skipping document with empty body: 
2025-12-07 18:23:45,264 - rag_service - WARNING - Skipping document with empty body: 
2025-12-07 18:23:45,264 - rag_service - WARNING - Skipping document with empty body: 
2025-12-07 18:23:45,264 - rag_service - WARNING - Skipping document with empty body: 
2025-12-07 18:23:45,264 - rag_service - WARNING - Skipping document with empty body: 
2025-12-07 18:23:45,264 - rag_service - WARNING - Skipping document with empty body: 
2025-12-07 18:23:45,264 - rag_service - WARNING - Skipping document with empty body: 
2025-12-07 18:23:45,264 - rag_service - WARNING - Skipping document with empty body: 
2025-12-07 18:23:45,264 - rag_service - WARNING - Skipping document with empty body: 
2025-12-07 18:23:45,264 - rag_service - WARNING - Skipping document with empty body: 
2025-12-07 18:23:45,264 - rag_service - WARNING - Skipping document with empty body: 
2025-12-07 18:23:45,264 - rag_service - WARNING - Skipping document with empty body: 
2025-12-07 18:23:45,264 - rag_service - WARNING - Skipping document with empty body: 
2025-12-07 18:23:45,264 - rag_service - WARNING - Skipping document with empty body: 
2025-12-07 18:23:45,264 - rag_service - WARNING - Skipping document with empty body: 
2025-12-07 18:23:45,264 - rag_service - WARNING - Skipping document with empty body: 
2025-12-07 18:23:45,264 - rag_service - WARNING - Skipping document with empty body: 
2025-12-07 18:23:45,264 - rag_service - WARNING - Skipping document with empty body: 
2025-12-07 18:23:45,264 - rag_service - WARNING - Skipping document with empty body: 
2025-12-07 18:23:45,264 - rag_service - WARNING - Skipping document with empty body: 
2025-12-07 18:23:45,264 - rag_service - WARNING - Skipping document with empty body: 
2025-12-07 18:23:45,264 - rag_service - WARNING - Skipping document with empty body: 
2025-12-07 18:23:45,264 - rag_service - WARNING - Skipping document with empty body: 
2025-12-07 18:23:45,264 - rag_service - WARNING - Skipping document with empty body: 
2025-12-07 18:23:45,264 - rag_service - WARNING - Skipping document with empty body: 
2025-12-07 18:23:45,264 - rag_service - WARNING - Skipping document with empty body: 
2025-12-07 18:23:45,264 - rag_service - WARNING - Skipping document with empty body: 
2025-12-07 18:23:45,264 - rag_service - WARNING - Skipping document with empty body: 
2025-12-07 18:23:45,264 - rag_service - WARNING - Skipping document with empty body: 
2025-12-07 18:23:45,264 - rag_service - WARNING - Skipping document with empty body: 
2025-12-07 18:23:45,264 - rag_service - WARNING - Skipping document with empty body: 
2025-12-07 18:23:45,265 - rag_service - WARNING - Skipping document with empty body: 
2025-12-07 18:23:45,265 - rag_service - WARNING - Skipping document with empty body: 
2025-12-07 18:23:45,265 - rag_service - WARNING - Skipping document with empty body: 
2025-12-07 18:23:45,265 - rag_service - WARNING - Skipping document with empty body: 
2025-12-07 18:23:45,265 - rag_service - WARNING - Skipping document with empty body: 
2025-12-07 18:23:45,265 - rag_service - WARNING - Skipping document with empty body: 
2025-12-07 18:23:45,265 - rag_service - WARNING - Skipping document with empty body: 
2025-12-07 18:23:45,265 - rag_service - WARNING - Skipping document with empty body: 
2025-12-07 18:23:45,265 - rag_service - WARNING - Skipping document with empty body: 
2025-12-07 18:23:45,265 - rag_service - WARNING - Skipping document with empty body: 
2025-12-07 18:23:45,265 - rag_service - WARNING - Skipping document with empty body: 
2025-12-07 18:23:45,265 - rag_service - WARNING - Skipping document with empty body: 
2025-12-07 18:23:45,265 - rag_service - WARNING - Skipping document with empty body: 
2025-12-07 18:23:45,265 - rag_service - WARNING - Skipping document with empty body: 
2025-12-07 18:23:45,265 - rag_service - WARNING - Skipping document with empty body: 
2025-12-07 18:23:45,265 - rag_service - WARNING - Skipping document with empty body: 
2025-12-07 18:23:45,265 - rag_service - WARNING - Skipping document with empty body: 
2025-12-07 18:23:45,265 - rag_service - WARNING - Skipping document with empty body: 
2025-12-07 18:23:45,265 - rag_service - WARNING - Skipping document with empty body: 
2025-12-07 18:23:45,265 - rag_service - WARNING - Skipping document with empty body: 
2025-12-07 18:23:45,265 - rag_service - WARNING - Skipping document with empty body: 
2025-12-07 18:23:45,265 - rag_service - WARNING - Skipping document with empty body: 
2025-12-07 18:23:45,265 - rag_service - WARNING - Skipping document with empty body: 
2025-12-07 18:23:45,265 - rag_service - WARNING - Skipping document with empty body: 
2025-12-07 18:23:45,265 - rag_service - WARNING - Skipping document with empty body: 
2025-12-07 18:23:45,265 - rag_service - WARNING - Skipping document with empty body: 
2025-12-07 18:23:45,265 - rag_service - WARNING - Skipping document with empty body: 
2025-12-07 18:23:45,265 - rag_service - WARNING - Skipping document with empty body: 
2025-12-07 18:23:45,265 - rag_service - WARNING - Skipping document with empty body: 
2025-12-07 18:23:45,265 - rag_service - WARNING - Skipping document with empty body: 
2025-12-07 18:23:45,265 - rag_service - WARNING - Skipping document with empty body: 
2025-12-07 18:23:45,265 - rag_service - WARNING - Skipping document with empty body: 
2025-12-07 18:23:45,265 - rag_service - WARNING - Skipping document with empty body: 
2025-12-07 18:23:45,265 - rag_service - WARNING - Skipping document with empty body: 
2025-12-07 18:23:45,265 - rag_service - WARNING - Skipping document with empty body: 
2025-12-07 18:23:45,265 - rag_service - WARNING - Skipping document with empty body: 
2025-12-07 18:23:45,265 - rag_service - WARNING - Skipping document with empty body: 
2025-12-07 18:23:45,265 - rag_service - WARNING - Skipping document with empty body: 
2025-12-07 18:23:45,265 - rag_service - WARNING - Skipping document with empty body: 
2025-12-07 18:23:45,265 - rag_service - WARNING - Skipping document with empty body: 
2025-12-07 18:23:45,265 - rag_service - WARNING - Skipping document with empty body: 
2025-12-07 18:23:45,265 - rag_service - WARNING - Skipping document with empty body: 
2025-12-07 18:23:45,265 - rag_service - WARNING - Skipping document with empty body: 
2025-12-07 18:23:45,265 - rag_service - WARNING - Skipping document with empty body: 
2025-12-07 18:23:45,265 - rag_service - INFO - Processed batch 12: 1101-1200 / 2556
2025-12-07 18:23:45,266 - rag_service - WARNING - Skipping document with empty body: 
2025-12-07 18:23:45,266 - rag_service - WARNING - Skipping document with empty body: 
2025-12-07 18:23:45,266 - rag_service - WARNING - Skipping document with empty body: 
2025-12-07 18:23:45,266 - rag_service - WARNING - Skipping document with empty body: 
2025-12-07 18:23:45,266 - rag_service - WARNING - Skipping document with empty body: 
2025-12-07 18:23:45,266 - rag_service - WARNING - Skipping document with empty body: 
2025-12-07 18:23:45,266 - rag_service - WARNING - Skipping document with empty body: 
2025-12-07 18:23:45,266 - rag_service - WARNING - Skipping document with empty body: 
2025-12-07 18:23:45,266 - rag_service - WARNING - Skipping document with empty body: 
2025-12-07 18:23:45,266 - rag_service - WARNING - Skipping document with empty body: 
2025-12-07 18:23:45,266 - rag_service - WARNING - Skipping document with empty body: 
2025-12-07 18:23:45,266 - rag_service - WARNING - Skipping document with empty body: 
2025-12-07 18:23:45,266 - rag_service - WARNING - Skipping document with empty body: 
2025-12-07 18:23:45,266 - rag_service - WARNING - Skipping document with empty body: 
2025-12-07 18:23:45,266 - rag_service - WARNING - Skipping document with empty body: 
2025-12-07 18:23:45,266 - rag_service - WARNING - Skipping document with empty body: 
2025-12-07 18:23:45,266 - rag_service - WARNING - Skipping document with empty body: 
2025-12-07 18:23:45,266 - rag_service - WARNING - Skipping document with empty body: 
2025-12-07 18:23:45,266 - rag_service - WARNING - Skipping document with empty body: 
2025-12-07 18:23:45,266 - rag_service - WARNING - Skipping document with empty body: 
2025-12-07 18:23:45,266 - rag_service - WARNING - Skipping document with empty body: 
2025-12-07 18:23:45,266 - rag_service - WARNING - Skipping document with empty body: 
2025-12-07 18:23:45,266 - rag_service - WARNING - Skipping document with empty body: 
2025-12-07 18:23:45,266 - rag_service - WARNING - Skipping document with empty body: 
2025-12-07 18:23:45,266 - rag_service - WARNING - Skipping document with empty body: 
2025-12-07 18:23:45,266 - rag_service - WARNING - Skipping document with empty body: 
2025-12-07 18:23:45,266 - rag_service - WARNING - Skipping document with empty body: 
2025-12-07 18:23:45,266 - rag_service - WARNING - Skipping document with empty body: 
2025-12-07 18:23:45,266 - rag_service - WARNING - Skipping document with empty body: 
2025-12-07 18:23:45,266 - rag_service - WARNING - Skipping document with empty body: 
2025-12-07 18:23:45,266 - rag_service - WARNING - Skipping document with empty body: 
2025-12-07 18:23:45,266 - rag_service - WARNING - Skipping document with empty body: 
2025-12-07 18:23:45,266 - rag_service - WARNING - Skipping document with empty body: 
2025-12-07 18:23:45,266 - rag_service - WARNING - Skipping document with empty body: 
2025-12-07 18:23:45,266 - rag_service - WARNING - Skipping document with empty body: 
2025-12-07 18:23:45,266 - rag_service - WARNING - Skipping document with empty body: 
2025-12-07 18:23:45,266 - rag_service - WARNING - Skipping document with empty body: 
2025-12-07 18:23:45,266 - rag_service - WARNING - Skipping document with empty body: 
2025-12-07 18:23:45,266 - rag_service - WARNING - Skipping document with empty body: 
2025-12-07 18:23:45,266 - rag_service - WARNING - Skipping document with empty body: 
2025-12-07 18:23:45,266 - rag_service - WARNING - Skipping document with empty body: 
2025-12-07 18:23:45,266 - rag_service - WARNING - Skipping document with empty body: 
2025-12-07 18:23:45,266 - rag_service - WARNING - Skipping document with empty body: 
2025-12-07 18:23:45,266 - rag_service - WARNING - Skipping document with empty body: 
2025-12-07 18:23:45,266 - rag_service - WARNING - Skipping document with empty body: 
2025-12-07 18:23:45,266 - rag_service - WARNING - Skipping document with empty body: 
2025-12-07 18:23:45,266 - rag_service - WARNING - Skipping document with empty body: 
2025-12-07 18:23:45,267 - rag_service - WARNING - Skipping document with empty body: 
2025-12-07 18:23:45,267 - rag_service - WARNING - Skipping document with empty body: 
2025-12-07 18:23:45,267 - rag_service - WARNING - Skipping document with empty body: 
2025-12-07 18:23:45,267 - rag_service - WARNING - Skipping document with empty body: 
2025-12-07 18:23:45,267 - rag_service - WARNING - Skipping document with empty body: 
2025-12-07 18:23:45,267 - rag_service - WARNING - Skipping document with empty body: 
2025-12-07 18:23:45,267 - rag_service - WARNING - Skipping document with empty body: 
2025-12-07 18:23:45,267 - rag_service - WARNING - Skipping document with empty body: 
2025-12-07 18:23:45,267 - rag_service - WARNING - Skipping document with empty body: 
2025-12-07 18:23:45,267 - rag_service - WARNING - Skipping document with empty body: 
2025-12-07 18:23:45,267 - rag_service - WARNING - Skipping document with empty body: 
2025-12-07 18:23:45,267 - rag_service - WARNING - Skipping document with empty body: 
2025-12-07 18:23:45,267 - rag_service - WARNING - Skipping document with empty body: 
2025-12-07 18:23:45,267 - rag_service - WARNING - Skipping document with empty body: 
2025-12-07 18:23:45,267 - rag_service - WARNING - Skipping document with empty body: 
2025-12-07 18:23:45,267 - rag_service - WARNING - Skipping document with empty body: 
2025-12-07 18:23:45,267 - rag_service - WARNING - Skipping document with empty body: 
2025-12-07 18:23:45,267 - rag_service - WARNING - Skipping document with empty body: 
2025-12-07 18:23:45,267 - rag_service - WARNING - Skipping document with empty body: 
2025-12-07 18:23:45,267 - rag_service - WARNING - Skipping document with empty body: 
2025-12-07 18:23:45,267 - rag_service - WARNING - Skipping document with empty body: 
2025-12-07 18:23:45,267 - rag_service - WARNING - Skipping document with empty body: 
2025-12-07 18:23:45,267 - rag_service - WARNING - Skipping document with empty body: 
2025-12-07 18:23:45,267 - rag_service - WARNING - Skipping document with empty body: 
2025-12-07 18:23:45,267 - rag_service - WARNING - Skipping document with empty body: 
2025-12-07 18:23:45,267 - rag_service - WARNING - Skipping document with empty body: 
2025-12-07 18:23:45,267 - rag_service - WARNING - Skipping document with empty body: 
2025-12-07 18:23:45,267 - rag_service - WARNING - Skipping document with empty body: 
2025-12-07 18:23:45,267 - rag_service - WARNING - Skipping document with empty body: 
2025-12-07 18:23:45,267 - rag_service - WARNING - Skipping document with empty body: 
2025-12-07 18:23:45,267 - rag_service - WARNING - Skipping document with empty body: 
2025-12-07 18:23:45,267 - rag_service - WARNING - Skipping document with empty body: 
2025-12-07 18:23:45,267 - rag_service - WARNING - Skipping document with empty body: 
2025-12-07 18:23:45,267 - rag_service - WARNING - Skipping document with empty body: 
2025-12-07 18:23:45,267 - rag_service - WARNING - Skipping document with empty body: 
2025-12-07 18:23:45,267 - rag_service - WARNING - Skipping document with empty body: 
2025-12-07 18:23:45,267 - rag_service - WARNING - Skipping document with empty body: 
2025-12-07 18:23:45,267 - rag_service - WARNING - Skipping document with empty body: 
2025-12-07 18:23:45,267 - rag_service - WARNING - Skipping document with empty body: 
2025-12-07 18:23:45,267 - rag_service - WARNING - Skipping document with empty body: 
2025-12-07 18:23:45,267 - rag_service - WARNING - Skipping document with empty body: 
2025-12-07 18:23:45,267 - rag_service - WARNING - Skipping document with empty body: 
2025-12-07 18:23:45,267 - rag_service - WARNING - Skipping document with empty body: 
2025-12-07 18:23:45,267 - rag_service - WARNING - Skipping document with empty body: 
2025-12-07 18:23:45,267 - rag_service - WARNING - Skipping document with empty body: 
2025-12-07 18:23:45,267 - rag_service - WARNING - Skipping document with empty body: 
2025-12-07 18:23:45,267 - rag_service - WARNING - Skipping document with empty body: 
2025-12-07 18:23:45,268 - rag_service - WARNING - Skipping document with empty body: 
2025-12-07 18:23:45,268 - rag_service - WARNING - Skipping document with empty body: 
2025-12-07 18:23:45,268 - rag_service - WARNING - Skipping document with empty body: 
2025-12-07 18:23:45,268 - rag_service - WARNING - Skipping document with empty body: 
2025-12-07 18:23:45,268 - rag_service - WARNING - Skipping document with empty body: 
2025-12-07 18:23:45,268 - rag_service - WARNING - Skipping document with empty body: 
2025-12-07 18:23:45,268 - rag_service - INFO - Processed batch 13: 1201-1300 / 2556
2025-12-07 18:23:45,268 - rag_service - WARNING - Skipping document with empty body: 
2025-12-07 18:23:45,268 - rag_service - WARNING - Skipping document with empty body: 
2025-12-07 18:23:45,268 - rag_service - WARNING - Skipping document with empty body: 
2025-12-07 18:23:45,268 - rag_service - WARNING - Skipping document with empty body: 
2025-12-07 18:23:45,268 - rag_service - WARNING - Skipping document with empty body: 
2025-12-07 18:23:45,268 - rag_service - WARNING - Skipping document with empty body: 
2025-12-07 18:23:45,268 - rag_service - WARNING - Skipping document with empty body: 
2025-12-07 18:23:45,268 - rag_service - WARNING - Skipping document with empty body: 
2025-12-07 18:23:45,268 - rag_service - WARNING - Skipping document with empty body: 
2025-12-07 18:23:45,268 - rag_service - WARNING - Skipping document with empty body: 
2025-12-07 18:23:45,268 - rag_service - WARNING - Skipping document with empty body: 
2025-12-07 18:23:45,268 - rag_service - WARNING - Skipping document with empty body: 
2025-12-07 18:23:45,268 - rag_service - WARNING - Skipping document with empty body: 
2025-12-07 18:23:45,268 - rag_service - WARNING - Skipping document with empty body: 
2025-12-07 18:23:45,268 - rag_service - WARNING - Skipping document with empty body: 
2025-12-07 18:23:45,268 - rag_service - WARNING - Skipping document with empty body: 
2025-12-07 18:23:45,268 - rag_service - WARNING - Skipping document with empty body: 
2025-12-07 18:23:45,268 - rag_service - WARNING - Skipping document with empty body: 
2025-12-07 18:23:45,268 - rag_service - WARNING - Skipping document with empty body: 
2025-12-07 18:23:45,268 - rag_service - WARNING - Skipping document with empty body: 
2025-12-07 18:23:45,268 - rag_service - WARNING - Skipping document with empty body: 
2025-12-07 18:23:45,268 - rag_service - WARNING - Skipping document with empty body: 
2025-12-07 18:23:45,268 - rag_service - WARNING - Skipping document with empty body: 
2025-12-07 18:23:45,268 - rag_service - WARNING - Skipping document with empty body: 
2025-12-07 18:23:45,268 - rag_service - WARNING - Skipping document with empty body: 
2025-12-07 18:23:45,268 - rag_service - WARNING - Skipping document with empty body: 
2025-12-07 18:23:45,268 - rag_service - WARNING - Skipping document with empty body: 
2025-12-07 18:23:45,268 - rag_service - WARNING - Skipping document with empty body: 
2025-12-07 18:23:45,268 - rag_service - WARNING - Skipping document with empty body: 
2025-12-07 18:23:45,268 - rag_service - WARNING - Skipping document with empty body: 
2025-12-07 18:23:45,268 - rag_service - WARNING - Skipping document with empty body: 
2025-12-07 18:23:45,268 - rag_service - WARNING - Skipping document with empty body: 
2025-12-07 18:23:45,268 - rag_service - WARNING - Skipping document with empty body: 
2025-12-07 18:23:45,268 - rag_service - WARNING - Skipping document with empty body: 
2025-12-07 18:23:45,268 - rag_service - WARNING - Skipping document with empty body: 
2025-12-07 18:23:45,268 - rag_service - WARNING - Skipping document with empty body: 
2025-12-07 18:23:45,268 - rag_service - WARNING - Skipping document with empty body: 
2025-12-07 18:23:45,268 - rag_service - WARNING - Skipping document with empty body: 
2025-12-07 18:23:45,268 - rag_service - WARNING - Skipping document with empty body: 
2025-12-07 18:23:45,268 - rag_service - WARNING - Skipping document with empty body: 
2025-12-07 18:23:45,269 - rag_service - WARNING - Skipping document with empty body: 
2025-12-07 18:23:45,269 - rag_service - WARNING - Skipping document with empty body: 
2025-12-07 18:23:45,269 - rag_service - WARNING - Skipping document with empty body: 
2025-12-07 18:23:45,269 - rag_service - WARNING - Skipping document with empty body: 
2025-12-07 18:23:45,269 - rag_service - WARNING - Skipping document with empty body: 
2025-12-07 18:23:45,269 - rag_service - WARNING - Skipping document with empty body: 
2025-12-07 18:23:45,269 - rag_service - WARNING - Skipping document with empty body: 
2025-12-07 18:23:45,269 - rag_service - WARNING - Skipping document with empty body: 
2025-12-07 18:23:45,269 - rag_service - WARNING - Skipping document with empty body: 
2025-12-07 18:23:45,269 - rag_service - WARNING - Skipping document with empty body: 
2025-12-07 18:23:45,269 - rag_service - WARNING - Skipping document with empty body: 
2025-12-07 18:23:45,269 - rag_service - WARNING - Skipping document with empty body: 
2025-12-07 18:23:45,269 - rag_service - WARNING - Skipping document with empty body: 
2025-12-07 18:23:45,269 - rag_service - WARNING - Skipping document with empty body: 
2025-12-07 18:23:45,269 - rag_service - WARNING - Skipping document with empty body: 
2025-12-07 18:23:45,269 - rag_service - WARNING - Skipping document with empty body: 
2025-12-07 18:23:45,269 - rag_service - WARNING - Skipping document with empty body: 
2025-12-07 18:23:45,269 - rag_service - WARNING - Skipping document with empty body: 
2025-12-07 18:23:45,269 - rag_service - WARNING - Skipping document with empty body: 
2025-12-07 18:23:45,269 - rag_service - WARNING - Skipping document with empty body: 
2025-12-07 18:23:45,269 - rag_service - WARNING - Skipping document with empty body: 
2025-12-07 18:23:45,269 - rag_service - WARNING - Skipping document with empty body: 
2025-12-07 18:23:45,269 - rag_service - WARNING - Skipping document with empty body: 
2025-12-07 18:23:45,269 - rag_service - WARNING - Skipping document with empty body: 
2025-12-07 18:23:45,269 - rag_service - WARNING - Skipping document with empty body: 
2025-12-07 18:23:45,269 - rag_service - WARNING - Skipping document with empty body: 
2025-12-07 18:23:45,269 - rag_service - WARNING - Skipping document with empty body: 
2025-12-07 18:23:45,269 - rag_service - WARNING - Skipping document with empty body: 
2025-12-07 18:23:45,269 - rag_service - WARNING - Skipping document with empty body: 
2025-12-07 18:23:45,269 - rag_service - WARNING - Skipping document with empty body: 
2025-12-07 18:23:45,269 - rag_service - WARNING - Skipping document with empty body: 
2025-12-07 18:23:45,269 - rag_service - WARNING - Skipping document with empty body: 
2025-12-07 18:23:45,269 - rag_service - WARNING - Skipping document with empty body: 
2025-12-07 18:23:45,269 - rag_service - WARNING - Skipping document with empty body: 
2025-12-07 18:23:45,269 - rag_service - WARNING - Skipping document with empty body: 
2025-12-07 18:23:45,269 - rag_service - WARNING - Skipping document with empty body: 
2025-12-07 18:23:45,269 - rag_service - WARNING - Skipping document with empty body: 
2025-12-07 18:23:45,269 - rag_service - WARNING - Skipping document with empty body: 
2025-12-07 18:23:45,269 - rag_service - WARNING - Skipping document with empty body: 
2025-12-07 18:23:45,269 - rag_service - WARNING - Skipping document with empty body: 
2025-12-07 18:23:45,269 - rag_service - WARNING - Skipping document with empty body: 
2025-12-07 18:23:45,269 - rag_service - WARNING - Skipping document with empty body: 
2025-12-07 18:23:45,269 - rag_service - WARNING - Skipping document with empty body: 
2025-12-07 18:23:45,269 - rag_service - WARNING - Skipping document with empty body: 
2025-12-07 18:23:45,269 - rag_service - WARNING - Skipping document with empty body: 
2025-12-07 18:23:45,269 - rag_service - WARNING - Skipping document with empty body: 
2025-12-07 18:23:45,269 - rag_service - WARNING - Skipping document with empty body: 
2025-12-07 18:23:45,269 - rag_service - WARNING - Skipping document with empty body: 
2025-12-07 18:23:45,269 - rag_service - WARNING - Skipping document with empty body: 
2025-12-07 18:23:45,270 - rag_service - WARNING - Skipping document with empty body: 
2025-12-07 18:23:45,270 - rag_service - WARNING - Skipping document with empty body: 
2025-12-07 18:23:45,270 - rag_service - WARNING - Skipping document with empty body: 
2025-12-07 18:23:45,270 - rag_service - WARNING - Skipping document with empty body: 
2025-12-07 18:23:45,270 - rag_service - WARNING - Skipping document with empty body: 
2025-12-07 18:23:45,270 - rag_service - WARNING - Skipping document with empty body: 
2025-12-07 18:23:45,270 - rag_service - WARNING - Skipping document with empty body: 
2025-12-07 18:23:45,270 - rag_service - WARNING - Skipping document with empty body: 
2025-12-07 18:23:45,270 - rag_service - WARNING - Skipping document with empty body: 
2025-12-07 18:23:45,270 - rag_service - WARNING - Skipping document with empty body: 
2025-12-07 18:23:45,270 - rag_service - WARNING - Skipping document with empty body: 
2025-12-07 18:23:45,270 - rag_service - INFO - Processed batch 14: 1301-1400 / 2556
2025-12-07 18:23:45,270 - rag_service - WARNING - Skipping document with empty body: 
2025-12-07 18:23:45,270 - rag_service - WARNING - Skipping document with empty body: 
2025-12-07 18:23:45,270 - rag_service - WARNING - Skipping document with empty body: 
2025-12-07 18:23:45,270 - rag_service - WARNING - Skipping document with empty body: 
2025-12-07 18:23:45,270 - rag_service - WARNING - Skipping document with empty body: 
2025-12-07 18:23:45,270 - rag_service - WARNING - Skipping document with empty body: 
2025-12-07 18:23:45,270 - rag_service - WARNING - Skipping document with empty body: 
2025-12-07 18:23:45,270 - rag_service - WARNING - Skipping document with empty body: 
2025-12-07 18:23:45,270 - rag_service - WARNING - Skipping document with empty body: 
2025-12-07 18:23:45,270 - rag_service - WARNING - Skipping document with empty body: 
2025-12-07 18:23:45,270 - rag_service - WARNING - Skipping document with empty body: 
2025-12-07 18:23:45,270 - rag_service - WARNING - Skipping document with empty body: 
2025-12-07 18:23:45,270 - rag_service - WARNING - Skipping document with empty body: 
2025-12-07 18:23:45,270 - rag_service - WARNING - Skipping document with empty body: 
2025-12-07 18:23:45,270 - rag_service - WARNING - Skipping document with empty body: 
2025-12-07 18:23:45,270 - rag_service - WARNING - Skipping document with empty body: 
2025-12-07 18:23:45,270 - rag_service - WARNING - Skipping document with empty body: 
2025-12-07 18:23:45,270 - rag_service - WARNING - Skipping document with empty body: 
2025-12-07 18:23:45,270 - rag_service - WARNING - Skipping document with empty body: 
2025-12-07 18:23:45,270 - rag_service - WARNING - Skipping document with empty body: 
2025-12-07 18:23:45,270 - rag_service - WARNING - Skipping document with empty body: 
2025-12-07 18:23:45,270 - rag_service - WARNING - Skipping document with empty body: 
2025-12-07 18:23:45,270 - rag_service - WARNING - Skipping document with empty body: 
2025-12-07 18:23:45,270 - rag_service - WARNING - Skipping document with empty body: 
2025-12-07 18:23:45,270 - rag_service - WARNING - Skipping document with empty body: 
2025-12-07 18:23:45,270 - rag_service - WARNING - Skipping document with empty body: 
2025-12-07 18:23:45,270 - rag_service - WARNING - Skipping document with empty body: 
2025-12-07 18:23:45,270 - rag_service - WARNING - Skipping document with empty body: 
2025-12-07 18:23:45,270 - rag_service - WARNING - Skipping document with empty body: 
2025-12-07 18:23:45,270 - rag_service - WARNING - Skipping document with empty body: 
2025-12-07 18:23:45,270 - rag_service - WARNING - Skipping document with empty body: 
2025-12-07 18:23:45,270 - rag_service - WARNING - Skipping document with empty body: 
2025-12-07 18:23:45,270 - rag_service - WARNING - Skipping document with empty body: 
2025-12-07 18:23:45,271 - rag_service - WARNING - Skipping document with empty body: 
2025-12-07 18:23:45,271 - rag_service - WARNING - Skipping document with empty body: 
2025-12-07 18:23:45,271 - rag_service - WARNING - Skipping document with empty body: 
2025-12-07 18:23:45,271 - rag_service - WARNING - Skipping document with empty body: 
2025-12-07 18:23:45,271 - rag_service - WARNING - Skipping document with empty body: 
2025-12-07 18:23:45,271 - rag_service - WARNING - Skipping document with empty body: 
2025-12-07 18:23:45,271 - rag_service - WARNING - Skipping document with empty body: 
2025-12-07 18:23:45,271 - rag_service - WARNING - Skipping document with empty body: 
2025-12-07 18:23:45,271 - rag_service - WARNING - Skipping document with empty body: 
2025-12-07 18:23:45,271 - rag_service - WARNING - Skipping document with empty body: 
2025-12-07 18:23:45,271 - rag_service - WARNING - Skipping document with empty body: 
2025-12-07 18:23:45,271 - rag_service - WARNING - Skipping document with empty body: 
2025-12-07 18:23:45,271 - rag_service - WARNING - Skipping document with empty body: 
2025-12-07 18:23:45,271 - rag_service - WARNING - Skipping document with empty body: 
2025-12-07 18:23:45,271 - rag_service - WARNING - Skipping document with empty body: 
2025-12-07 18:23:45,271 - rag_service - WARNING - Skipping document with empty body: 
2025-12-07 18:23:45,271 - rag_service - WARNING - Skipping document with empty body: 
2025-12-07 18:23:45,271 - rag_service - WARNING - Skipping document with empty body: 
2025-12-07 18:23:45,271 - rag_service - WARNING - Skipping document with empty body: 
2025-12-07 18:23:45,271 - rag_service - WARNING - Skipping document with empty body: 
2025-12-07 18:23:45,271 - rag_service - WARNING - Skipping document with empty body: 
2025-12-07 18:23:45,271 - rag_service - WARNING - Skipping document with empty body: 
2025-12-07 18:23:45,271 - rag_service - WARNING - Skipping document with empty body: 
2025-12-07 18:23:45,271 - rag_service - WARNING - Skipping document with empty body: 
2025-12-07 18:23:45,271 - rag_service - WARNING - Skipping document with empty body: 
2025-12-07 18:23:45,271 - rag_service - WARNING - Skipping document with empty body: 
2025-12-07 18:23:45,271 - rag_service - WARNING - Skipping document with empty body: 
2025-12-07 18:23:45,271 - rag_service - WARNING - Skipping document with empty body: 
2025-12-07 18:23:45,271 - rag_service - WARNING - Skipping document with empty body: 
2025-12-07 18:23:45,271 - rag_service - WARNING - Skipping document with empty body: 
2025-12-07 18:23:45,271 - rag_service - WARNING - Skipping document with empty body: 
2025-12-07 18:23:45,271 - rag_service - WARNING - Skipping document with empty body: 
2025-12-07 18:23:45,271 - rag_service - WARNING - Skipping document with empty body: 
2025-12-07 18:23:45,271 - rag_service - WARNING - Skipping document with empty body: 
2025-12-07 18:23:45,271 - rag_service - WARNING - Skipping document with empty body: 
2025-12-07 18:23:45,271 - rag_service - WARNING - Skipping document with empty body: 
2025-12-07 18:23:45,271 - rag_service - WARNING - Skipping document with empty body: 
2025-12-07 18:23:45,271 - rag_service - WARNING - Skipping document with empty body: 
2025-12-07 18:23:45,271 - rag_service - WARNING - Skipping document with empty body: 
2025-12-07 18:23:45,271 - rag_service - WARNING - Skipping document with empty body: 
2025-12-07 18:23:45,271 - rag_service - WARNING - Skipping document with empty body: 
2025-12-07 18:23:45,271 - rag_service - WARNING - Skipping document with empty body: 
2025-12-07 18:23:45,271 - rag_service - WARNING - Skipping document with empty body: 
2025-12-07 18:23:45,271 - rag_service - WARNING - Skipping document with empty body: 
2025-12-07 18:23:45,271 - rag_service - WARNING - Skipping document with empty body: 
2025-12-07 18:23:45,271 - rag_service - WARNING - Skipping document with empty body: 
2025-12-07 18:23:45,271 - rag_service - WARNING - Skipping document with empty body: 
2025-12-07 18:23:45,271 - rag_service - WARNING - Skipping document with empty body: 
2025-12-07 18:23:45,271 - rag_service - WARNING - Skipping document with empty body: 
2025-12-07 18:23:45,271 - rag_service - WARNING - Skipping document with empty body: 
2025-12-07 18:23:45,271 - rag_service - WARNING - Skipping document with empty body: 
2025-12-07 18:23:45,272 - rag_service - WARNING - Skipping document with empty body: 
2025-12-07 18:23:45,272 - rag_service - WARNING - Skipping document with empty body: 
2025-12-07 18:23:45,272 - rag_service - WARNING - Skipping document with empty body: 
2025-12-07 18:23:45,272 - rag_service - WARNING - Skipping document with empty body: 
2025-12-07 18:23:45,272 - rag_service - WARNING - Skipping document with empty body: 
2025-12-07 18:23:45,272 - rag_service - WARNING - Skipping document with empty body: 
2025-12-07 18:23:45,272 - rag_service - WARNING - Skipping document with empty body: 
2025-12-07 18:23:45,272 - rag_service - WARNING - Skipping document with empty body: 
2025-12-07 18:23:45,272 - rag_service - WARNING - Skipping document with empty body: 
2025-12-07 18:23:45,272 - rag_service - WARNING - Skipping document with empty body: 
2025-12-07 18:23:45,272 - rag_service - WARNING - Skipping document with empty body: 
2025-12-07 18:23:45,272 - rag_service - WARNING - Skipping document with empty body: 
2025-12-07 18:23:45,272 - rag_service - WARNING - Skipping document with empty body: 
2025-12-07 18:23:45,272 - rag_service - WARNING - Skipping document with empty body: 
2025-12-07 18:23:45,272 - rag_service - WARNING - Skipping document with empty body: 
2025-12-07 18:23:45,272 - rag_service - WARNING - Skipping document with empty body: 
2025-12-07 18:23:45,272 - rag_service - INFO - Processed batch 15: 1401-1500 / 2556
2025-12-07 18:23:45,272 - rag_service - WARNING - Skipping document with empty body: 
2025-12-07 18:23:45,272 - rag_service - WARNING - Skipping document with empty body: 
2025-12-07 18:23:45,272 - rag_service - WARNING - Skipping document with empty body: 
2025-12-07 18:23:45,272 - rag_service - WARNING - Skipping document with empty body: 
2025-12-07 18:23:45,272 - rag_service - WARNING - Skipping document with empty body: 
2025-12-07 18:23:45,272 - rag_service - WARNING - Skipping document with empty body: 
2025-12-07 18:23:45,272 - rag_service - WARNING - Skipping document with empty body: 
2025-12-07 18:23:45,272 - rag_service - WARNING - Skipping document with empty body: 
2025-12-07 18:23:45,272 - rag_service - WARNING - Skipping document with empty body: 
2025-12-07 18:23:45,272 - rag_service - WARNING - Skipping document with empty body: 
2025-12-07 18:23:45,272 - rag_service - WARNING - Skipping document with empty body: 
2025-12-07 18:23:45,272 - rag_service - WARNING - Skipping document with empty body: 
2025-12-07 18:23:45,272 - rag_service - WARNING - Skipping document with empty body: 
2025-12-07 18:23:45,272 - rag_service - WARNING - Skipping document with empty body: 
2025-12-07 18:23:45,272 - rag_service - WARNING - Skipping document with empty body: 
2025-12-07 18:23:45,272 - rag_service - WARNING - Skipping document with empty body: 
2025-12-07 18:23:45,272 - rag_service - WARNING - Skipping document with empty body: 
2025-12-07 18:23:45,272 - rag_service - WARNING - Skipping document with empty body: 
2025-12-07 18:23:45,272 - rag_service - WARNING - Skipping document with empty body: 
2025-12-07 18:23:45,272 - rag_service - WARNING - Skipping document with empty body: 
2025-12-07 18:23:45,272 - rag_service - WARNING - Skipping document with empty body: 
2025-12-07 18:23:45,272 - rag_service - WARNING - Skipping document with empty body: 
2025-12-07 18:23:45,272 - rag_service - WARNING - Skipping document with empty body: 
2025-12-07 18:23:45,272 - rag_service - WARNING - Skipping document with empty body: 
2025-12-07 18:23:45,272 - rag_service - WARNING - Skipping document with empty body: 
2025-12-07 18:23:45,272 - rag_service - WARNING - Skipping document with empty body: 
2025-12-07 18:23:45,272 - rag_service - WARNING - Skipping document with empty body: 
2025-12-07 18:23:45,272 - rag_service - WARNING - Skipping document with empty body: 
2025-12-07 18:23:45,272 - rag_service - WARNING - Skipping document with empty body: 
2025-12-07 18:23:45,272 - rag_service - WARNING - Skipping document with empty body: 
2025-12-07 18:23:45,272 - rag_service - WARNING - Skipping document with empty body: 
2025-12-07 18:23:45,272 - rag_service - WARNING - Skipping document with empty body: 
2025-12-07 18:23:45,272 - rag_service - WARNING - Skipping document with empty body: 
2025-12-07 18:23:45,273 - rag_service - WARNING - Skipping document with empty body: 
2025-12-07 18:23:45,273 - rag_service - WARNING - Skipping document with empty body: 
2025-12-07 18:23:45,273 - rag_service - WARNING - Skipping document with empty body: 
2025-12-07 18:23:45,273 - rag_service - WARNING - Skipping document with empty body: 
2025-12-07 18:23:45,273 - rag_service - WARNING - Skipping document with empty body: 
2025-12-07 18:23:45,273 - rag_service - WARNING - Skipping document with empty body: 
2025-12-07 18:23:45,273 - rag_service - WARNING - Skipping document with empty body: 
2025-12-07 18:23:45,273 - rag_service - WARNING - Skipping document with empty body: 
2025-12-07 18:23:45,273 - rag_service - WARNING - Skipping document with empty body: 
2025-12-07 18:23:45,273 - rag_service - WARNING - Skipping document with empty body: 
2025-12-07 18:23:45,273 - rag_service - WARNING - Skipping document with empty body: 
2025-12-07 18:23:45,273 - rag_service - WARNING - Skipping document with empty body: 
2025-12-07 18:23:45,273 - rag_service - WARNING - Skipping document with empty body: 
2025-12-07 18:23:45,273 - rag_service - WARNING - Skipping document with empty body: 
2025-12-07 18:23:45,273 - rag_service - WARNING - Skipping document with empty body: 
2025-12-07 18:23:45,273 - rag_service - WARNING - Skipping document with empty body: 
2025-12-07 18:23:45,273 - rag_service - WARNING - Skipping document with empty body: 
2025-12-07 18:23:45,273 - rag_service - WARNING - Skipping document with empty body: 
2025-12-07 18:23:45,273 - rag_service - WARNING - Skipping document with empty body: 
2025-12-07 18:23:45,273 - rag_service - WARNING - Skipping document with empty body: 
2025-12-07 18:23:45,273 - rag_service - WARNING - Skipping document with empty body: 
2025-12-07 18:23:45,273 - rag_service - WARNING - Skipping document with empty body: 
2025-12-07 18:23:45,273 - rag_service - WARNING - Skipping document with empty body: 
2025-12-07 18:23:45,273 - rag_service - WARNING - Skipping document with empty body: 
2025-12-07 18:23:45,273 - rag_service - WARNING - Skipping document with empty body: 
2025-12-07 18:23:45,273 - rag_service - WARNING - Skipping document with empty body: 
2025-12-07 18:23:45,273 - rag_service - WARNING - Skipping document with empty body: 
2025-12-07 18:23:45,273 - rag_service - WARNING - Skipping document with empty body: 
2025-12-07 18:23:45,273 - rag_service - WARNING - Skipping document with empty body: 
2025-12-07 18:23:45,273 - rag_service - WARNING - Skipping document with empty body: 
2025-12-07 18:23:45,273 - rag_service - WARNING - Skipping document with empty body: 
2025-12-07 18:23:45,273 - rag_service - WARNING - Skipping document with empty body: 
2025-12-07 18:23:45,273 - rag_service - WARNING - Skipping document with empty body: 
2025-12-07 18:23:45,273 - rag_service - WARNING - Skipping document with empty body: 
2025-12-07 18:23:45,273 - rag_service - WARNING - Skipping document with empty body: 
2025-12-07 18:23:45,273 - rag_service - WARNING - Skipping document with empty body: 
2025-12-07 18:23:45,273 - rag_service - WARNING - Skipping document with empty body: 
2025-12-07 18:23:45,273 - rag_service - WARNING - Skipping document with empty body: 
2025-12-07 18:23:45,273 - rag_service - WARNING - Skipping document with empty body: 
2025-12-07 18:23:45,273 - rag_service - WARNING - Skipping document with empty body: 
2025-12-07 18:23:45,273 - rag_service - WARNING - Skipping document with empty body: 
2025-12-07 18:23:45,273 - rag_service - WARNING - Skipping document with empty body: 
2025-12-07 18:23:45,273 - rag_service - WARNING - Skipping document with empty body: 
2025-12-07 18:23:45,273 - rag_service - WARNING - Skipping document with empty body: 
2025-12-07 18:23:45,273 - rag_service - WARNING - Skipping document with empty body: 
2025-12-07 18:23:45,273 - rag_service - WARNING - Skipping document with empty body: 
2025-12-07 18:23:45,273 - rag_service - WARNING - Skipping document with empty body: 
2025-12-07 18:23:45,273 - rag_service - WARNING - Skipping document with empty body: 
2025-12-07 18:23:45,273 - rag_service - WARNING - Skipping document with empty body: 
2025-12-07 18:23:45,273 - rag_service - WARNING - Skipping document with empty body: 
2025-12-07 18:23:45,274 - rag_service - WARNING - Skipping document with empty body: 
2025-12-07 18:23:45,274 - rag_service - WARNING - Skipping document with empty body: 
2025-12-07 18:23:45,274 - rag_service - WARNING - Skipping document with empty body: 
2025-12-07 18:23:45,274 - rag_service - WARNING - Skipping document with empty body: 
2025-12-07 18:23:45,274 - rag_service - WARNING - Skipping document with empty body: 
2025-12-07 18:23:45,274 - rag_service - WARNING - Skipping document with empty body: 
2025-12-07 18:23:45,274 - rag_service - WARNING - Skipping document with empty body: 
2025-12-07 18:23:45,274 - rag_service - WARNING - Skipping document with empty body: 
2025-12-07 18:23:45,274 - rag_service - WARNING - Skipping document with empty body: 
2025-12-07 18:23:45,274 - rag_service - WARNING - Skipping document with empty body: 
2025-12-07 18:23:45,274 - rag_service - WARNING - Skipping document with empty body: 
2025-12-07 18:23:45,274 - rag_service - WARNING - Skipping document with empty body: 
2025-12-07 18:23:45,274 - rag_service - WARNING - Skipping document with empty body: 
2025-12-07 18:23:45,274 - rag_service - WARNING - Skipping document with empty body: 
2025-12-07 18:23:45,274 - rag_service - WARNING - Skipping document with empty body: 
2025-12-07 18:23:45,274 - rag_service - WARNING - Skipping document with empty body: 
2025-12-07 18:23:45,274 - rag_service - WARNING - Skipping document with empty body: 
2025-12-07 18:23:45,274 - rag_service - INFO - Processed batch 16: 1501-1600 / 2556
2025-12-07 18:23:45,274 - rag_service - WARNING - Skipping document with empty body: 
2025-12-07 18:23:45,274 - rag_service - WARNING - Skipping document with empty body: 
2025-12-07 18:23:45,274 - rag_service - WARNING - Skipping document with empty body: 
2025-12-07 18:23:45,274 - rag_service - WARNING - Skipping document with empty body: 
2025-12-07 18:23:45,274 - rag_service - WARNING - Skipping document with empty body: 
2025-12-07 18:23:45,274 - rag_service - WARNING - Skipping document with empty body: 
2025-12-07 18:23:45,274 - rag_service - WARNING - Skipping document with empty body: 
2025-12-07 18:23:45,274 - rag_service - WARNING - Skipping document with empty body: 
2025-12-07 18:23:45,274 - rag_service - WARNING - Skipping document with empty body: 
2025-12-07 18:23:45,274 - rag_service - WARNING - Skipping document with empty body: 
2025-12-07 18:23:45,274 - rag_service - WARNING - Skipping document with empty body: 
2025-12-07 18:23:45,274 - rag_service - WARNING - Skipping document with empty body: 
2025-12-07 18:23:45,274 - rag_service - WARNING - Skipping document with empty body: 
2025-12-07 18:23:45,274 - rag_service - WARNING - Skipping document with empty body: 
2025-12-07 18:23:45,274 - rag_service - WARNING - Skipping document with empty body: 
2025-12-07 18:23:45,274 - rag_service - WARNING - Skipping document with empty body: 
2025-12-07 18:23:45,274 - rag_service - WARNING - Skipping document with empty body: 
2025-12-07 18:23:45,274 - rag_service - WARNING - Skipping document with empty body: 
2025-12-07 18:23:45,274 - rag_service - WARNING - Skipping document with empty body: 
2025-12-07 18:23:45,274 - rag_service - WARNING - Skipping document with empty body: 
2025-12-07 18:23:45,274 - rag_service - WARNING - Skipping document with empty body: 
2025-12-07 18:23:45,274 - rag_service - WARNING - Skipping document with empty body: 
2025-12-07 18:23:45,274 - rag_service - WARNING - Skipping document with empty body: 
2025-12-07 18:23:45,274 - rag_service - WARNING - Skipping document with empty body: 
2025-12-07 18:23:45,274 - rag_service - WARNING - Skipping document with empty body: 
2025-12-07 18:23:45,274 - rag_service - WARNING - Skipping document with empty body: 
2025-12-07 18:23:45,274 - rag_service - WARNING - Skipping document with empty body: 
2025-12-07 18:23:45,274 - rag_service - WARNING - Skipping document with empty body: 
2025-12-07 18:23:45,274 - rag_service - WARNING - Skipping document with empty body: 
2025-12-07 18:23:45,274 - rag_service - WARNING - Skipping document with empty body: 
2025-12-07 18:23:45,274 - rag_service - WARNING - Skipping document with empty body: 
2025-12-07 18:23:45,274 - rag_service - WARNING - Skipping document with empty body: 
2025-12-07 18:23:45,274 - rag_service - WARNING - Skipping document with empty body: 
2025-12-07 18:23:45,275 - rag_service - WARNING - Skipping document with empty body: 
2025-12-07 18:23:45,275 - rag_service - WARNING - Skipping document with empty body: 
2025-12-07 18:23:45,275 - rag_service - WARNING - Skipping document with empty body: 
2025-12-07 18:23:45,275 - rag_service - WARNING - Skipping document with empty body: 
2025-12-07 18:23:45,275 - rag_service - WARNING - Skipping document with empty body: 
2025-12-07 18:23:45,275 - rag_service - WARNING - Skipping document with empty body: 
2025-12-07 18:23:45,275 - rag_service - WARNING - Skipping document with empty body: 
2025-12-07 18:23:45,275 - rag_service - WARNING - Skipping document with empty body: 
2025-12-07 18:23:45,275 - rag_service - WARNING - Skipping document with empty body: 
2025-12-07 18:23:45,275 - rag_service - WARNING - Skipping document with empty body: 
2025-12-07 18:23:45,275 - rag_service - WARNING - Skipping document with empty body: 
2025-12-07 18:23:45,275 - rag_service - WARNING - Skipping document with empty body: 
2025-12-07 18:23:45,275 - rag_service - WARNING - Skipping document with empty body: 
2025-12-07 18:23:45,275 - rag_service - WARNING - Skipping document with empty body: 
2025-12-07 18:23:45,275 - rag_service - WARNING - Skipping document with empty body: 
2025-12-07 18:23:45,275 - rag_service - WARNING - Skipping document with empty body: 
2025-12-07 18:23:45,275 - rag_service - WARNING - Skipping document with empty body: 
2025-12-07 18:23:45,275 - rag_service - WARNING - Skipping document with empty body: 
2025-12-07 18:23:45,275 - rag_service - WARNING - Skipping document with empty body: 
2025-12-07 18:23:45,275 - rag_service - WARNING - Skipping document with empty body: 
2025-12-07 18:23:45,275 - rag_service - WARNING - Skipping document with empty body: 
2025-12-07 18:23:45,275 - rag_service - WARNING - Skipping document with empty body: 
2025-12-07 18:23:45,275 - rag_service - WARNING - Skipping document with empty body: 
2025-12-07 18:23:45,275 - rag_service - WARNING - Skipping document with empty body: 
2025-12-07 18:23:45,275 - rag_service - WARNING - Skipping document with empty body: 
2025-12-07 18:23:45,275 - rag_service - WARNING - Skipping document with empty body: 
2025-12-07 18:23:45,275 - rag_service - WARNING - Skipping document with empty body: 
2025-12-07 18:23:45,275 - rag_service - WARNING - Skipping document with empty body: 
2025-12-07 18:23:45,275 - rag_service - WARNING - Skipping document with empty body: 
2025-12-07 18:23:45,275 - rag_service - WARNING - Skipping document with empty body: 
2025-12-07 18:23:45,275 - rag_service - WARNING - Skipping document with empty body: 
2025-12-07 18:23:45,275 - rag_service - WARNING - Skipping document with empty body: 
2025-12-07 18:23:45,275 - rag_service - WARNING - Skipping document with empty body: 
2025-12-07 18:23:45,275 - rag_service - WARNING - Skipping document with empty body: 
2025-12-07 18:23:45,275 - rag_service - WARNING - Skipping document with empty body: 
2025-12-07 18:23:45,275 - rag_service - WARNING - Skipping document with empty body: 
2025-12-07 18:23:45,275 - rag_service - WARNING - Skipping document with empty body: 
2025-12-07 18:23:45,275 - rag_service - WARNING - Skipping document with empty body: 
2025-12-07 18:23:45,275 - rag_service - WARNING - Skipping document with empty body: 
2025-12-07 18:23:45,275 - rag_service - WARNING - Skipping document with empty body: 
2025-12-07 18:23:45,275 - rag_service - WARNING - Skipping document with empty body: 
2025-12-07 18:23:45,275 - rag_service - WARNING - Skipping document with empty body: 
2025-12-07 18:23:45,275 - rag_service - WARNING - Skipping document with empty body: 
2025-12-07 18:23:45,275 - rag_service - WARNING - Skipping document with empty body: 
2025-12-07 18:23:45,275 - rag_service - WARNING - Skipping document with empty body: 
2025-12-07 18:23:45,275 - rag_service - WARNING - Skipping document with empty body: 
2025-12-07 18:23:45,275 - rag_service - WARNING - Skipping document with empty body: 
2025-12-07 18:23:45,275 - rag_service - WARNING - Skipping document with empty body: 
2025-12-07 18:23:45,275 - rag_service - WARNING - Skipping document with empty body: 
2025-12-07 18:23:45,275 - rag_service - WARNING - Skipping document with empty body: 
2025-12-07 18:23:45,275 - rag_service - WARNING - Skipping document with empty body: 
2025-12-07 18:23:45,276 - rag_service - WARNING - Skipping document with empty body: 
2025-12-07 18:23:45,276 - rag_service - WARNING - Skipping document with empty body: 
2025-12-07 18:23:45,276 - rag_service - WARNING - Skipping document with empty body: 
2025-12-07 18:23:45,276 - rag_service - WARNING - Skipping document with empty body: 
2025-12-07 18:23:45,276 - rag_service - WARNING - Skipping document with empty body: 
2025-12-07 18:23:45,276 - rag_service - WARNING - Skipping document with empty body: 
2025-12-07 18:23:45,276 - rag_service - WARNING - Skipping document with empty body: 
2025-12-07 18:23:45,276 - rag_service - WARNING - Skipping document with empty body: 
2025-12-07 18:23:45,276 - rag_service - WARNING - Skipping document with empty body: 
2025-12-07 18:23:45,276 - rag_service - WARNING - Skipping document with empty body: 
2025-12-07 18:23:45,276 - rag_service - WARNING - Skipping document with empty body: 
2025-12-07 18:23:45,276 - rag_service - WARNING - Skipping document with empty body: 
2025-12-07 18:23:45,276 - rag_service - WARNING - Skipping document with empty body: 
2025-12-07 18:23:45,276 - rag_service - WARNING - Skipping document with empty body: 
2025-12-07 18:23:45,276 - rag_service - WARNING - Skipping document with empty body: 
2025-12-07 18:23:45,276 - rag_service - WARNING - Skipping document with empty body: 
2025-12-07 18:23:45,276 - rag_service - INFO - Processed batch 17: 1601-1700 / 2556
2025-12-07 18:23:45,276 - rag_service - WARNING - Skipping document with empty body: 
2025-12-07 18:23:45,276 - rag_service - WARNING - Skipping document with empty body: 
2025-12-07 18:23:45,276 - rag_service - WARNING - Skipping document with empty body: 
2025-12-07 18:23:45,276 - rag_service - WARNING - Skipping document with empty body: 
2025-12-07 18:23:45,276 - rag_service - WARNING - Skipping document with empty body: 
2025-12-07 18:23:45,276 - rag_service - WARNING - Skipping document with empty body: 
2025-12-07 18:23:45,276 - rag_service - WARNING - Skipping document with empty body: 
2025-12-07 18:23:45,276 - rag_service - WARNING - Skipping document with empty body: 
2025-12-07 18:23:45,276 - rag_service - WARNING - Skipping document with empty body: 
2025-12-07 18:23:45,276 - rag_service - WARNING - Skipping document with empty body: 
2025-12-07 18:23:45,276 - rag_service - WARNING - Skipping document with empty body: 
2025-12-07 18:23:45,276 - rag_service - WARNING - Skipping document with empty body: 
2025-12-07 18:23:45,276 - rag_service - WARNING - Skipping document with empty body: 
2025-12-07 18:23:45,276 - rag_service - WARNING - Skipping document with empty body: 
2025-12-07 18:23:45,276 - rag_service - WARNING - Skipping document with empty body: 
2025-12-07 18:23:45,276 - rag_service - WARNING - Skipping document with empty body: 
2025-12-07 18:23:45,276 - rag_service - WARNING - Skipping document with empty body: 
2025-12-07 18:23:45,276 - rag_service - WARNING - Skipping document with empty body: 
2025-12-07 18:23:45,276 - rag_service - WARNING - Skipping document with empty body: 
2025-12-07 18:23:45,276 - rag_service - WARNING - Skipping document with empty body: 
2025-12-07 18:23:45,276 - rag_service - WARNING - Skipping document with empty body: 
2025-12-07 18:23:45,276 - rag_service - WARNING - Skipping document with empty body: 
2025-12-07 18:23:45,276 - rag_service - WARNING - Skipping document with empty body: 
2025-12-07 18:23:45,276 - rag_service - WARNING - Skipping document with empty body: 
2025-12-07 18:23:45,276 - rag_service - WARNING - Skipping document with empty body: 
2025-12-07 18:23:45,276 - rag_service - WARNING - Skipping document with empty body: 
2025-12-07 18:23:45,276 - rag_service - WARNING - Skipping document with empty body: 
2025-12-07 18:23:45,276 - rag_service - WARNING - Skipping document with empty body: 
2025-12-07 18:23:45,276 - rag_service - WARNING - Skipping document with empty body: 
2025-12-07 18:23:45,276 - rag_service - WARNING - Skipping document with empty body: 
2025-12-07 18:23:45,276 - rag_service - WARNING - Skipping document with empty body: 
2025-12-07 18:23:45,276 - rag_service - WARNING - Skipping document with empty body: 
2025-12-07 18:23:45,276 - rag_service - WARNING - Skipping document with empty body: 
2025-12-07 18:23:45,276 - rag_service - WARNING - Skipping document with empty body: 
2025-12-07 18:23:45,277 - rag_service - WARNING - Skipping document with empty body: 
2025-12-07 18:23:45,277 - rag_service - WARNING - Skipping document with empty body: 
2025-12-07 18:23:45,277 - rag_service - WARNING - Skipping document with empty body: 
2025-12-07 18:23:45,277 - rag_service - WARNING - Skipping document with empty body: 
2025-12-07 18:23:45,277 - rag_service - WARNING - Skipping document with empty body: 
2025-12-07 18:23:45,277 - rag_service - WARNING - Skipping document with empty body: 
2025-12-07 18:23:45,277 - rag_service - WARNING - Skipping document with empty body: 
2025-12-07 18:23:45,277 - rag_service - WARNING - Skipping document with empty body: 
2025-12-07 18:23:45,277 - rag_service - WARNING - Skipping document with empty body: 
2025-12-07 18:23:45,277 - rag_service - WARNING - Skipping document with empty body: 
2025-12-07 18:23:45,277 - rag_service - WARNING - Skipping document with empty body: 
2025-12-07 18:23:45,277 - rag_service - WARNING - Skipping document with empty body: 
2025-12-07 18:23:45,277 - rag_service - WARNING - Skipping document with empty body: 
2025-12-07 18:23:45,277 - rag_service - WARNING - Skipping document with empty body: 
2025-12-07 18:23:45,277 - rag_service - WARNING - Skipping document with empty body: 
2025-12-07 18:23:45,277 - rag_service - WARNING - Skipping document with empty body: 
2025-12-07 18:23:45,277 - rag_service - WARNING - Skipping document with empty body: 
2025-12-07 18:23:45,277 - rag_service - WARNING - Skipping document with empty body: 
2025-12-07 18:23:45,277 - rag_service - WARNING - Skipping document with empty body: 
2025-12-07 18:23:45,277 - rag_service - WARNING - Skipping document with empty body: 
2025-12-07 18:23:45,277 - rag_service - WARNING - Skipping document with empty body: 
2025-12-07 18:23:45,277 - rag_service - WARNING - Skipping document with empty body: 
2025-12-07 18:23:45,277 - rag_service - WARNING - Skipping document with empty body: 
2025-12-07 18:23:45,277 - rag_service - WARNING - Skipping document with empty body: 
2025-12-07 18:23:45,277 - rag_service - WARNING - Skipping document with empty body: 
2025-12-07 18:23:45,277 - rag_service - WARNING - Skipping document with empty body: 
2025-12-07 18:23:45,277 - rag_service - WARNING - Skipping document with empty body: 
2025-12-07 18:23:45,277 - rag_service - WARNING - Skipping document with empty body: 
2025-12-07 18:23:45,277 - rag_service - WARNING - Skipping document with empty body: 
2025-12-07 18:23:45,277 - rag_service - WARNING - Skipping document with empty body: 
2025-12-07 18:23:45,277 - rag_service - WARNING - Skipping document with empty body: 
2025-12-07 18:23:45,277 - rag_service - WARNING - Skipping document with empty body: 
2025-12-07 18:23:45,277 - rag_service - WARNING - Skipping document with empty body: 
2025-12-07 18:23:45,277 - rag_service - WARNING - Skipping document with empty body: 
2025-12-07 18:23:45,277 - rag_service - WARNING - Skipping document with empty body: 
2025-12-07 18:23:45,277 - rag_service - WARNING - Skipping document with empty body: 
2025-12-07 18:23:45,277 - rag_service - WARNING - Skipping document with empty body: 
2025-12-07 18:23:45,277 - rag_service - WARNING - Skipping document with empty body: 
2025-12-07 18:23:45,277 - rag_service - WARNING - Skipping document with empty body: 
2025-12-07 18:23:45,277 - rag_service - WARNING - Skipping document with empty body: 
2025-12-07 18:23:45,277 - rag_service - WARNING - Skipping document with empty body: 
2025-12-07 18:23:45,277 - rag_service - WARNING - Skipping document with empty body: 
2025-12-07 18:23:45,277 - rag_service - WARNING - Skipping document with empty body: 
2025-12-07 18:23:45,277 - rag_service - WARNING - Skipping document with empty body: 
2025-12-07 18:23:45,277 - rag_service - WARNING - Skipping document with empty body: 
2025-12-07 18:23:45,277 - rag_service - WARNING - Skipping document with empty body: 
2025-12-07 18:23:45,277 - rag_service - WARNING - Skipping document with empty body: 
2025-12-07 18:23:45,277 - rag_service - WARNING - Skipping document with empty body: 
2025-12-07 18:23:45,277 - rag_service - WARNING - Skipping document with empty body: 
2025-12-07 18:23:45,277 - rag_service - WARNING - Skipping document with empty body: 
2025-12-07 18:23:45,278 - rag_service - WARNING - Skipping document with empty body: 
2025-12-07 18:23:45,278 - rag_service - WARNING - Skipping document with empty body: 
2025-12-07 18:23:45,278 - rag_service - WARNING - Skipping document with empty body: 
2025-12-07 18:23:45,278 - rag_service - WARNING - Skipping document with empty body: 
2025-12-07 18:23:45,278 - rag_service - WARNING - Skipping document with empty body: 
2025-12-07 18:23:45,278 - rag_service - WARNING - Skipping document with empty body: 
2025-12-07 18:23:45,278 - rag_service - WARNING - Skipping document with empty body: 
2025-12-07 18:23:45,278 - rag_service - WARNING - Skipping document with empty body: 
2025-12-07 18:23:45,278 - rag_service - WARNING - Skipping document with empty body: 
2025-12-07 18:23:45,278 - rag_service - WARNING - Skipping document with empty body: 
2025-12-07 18:23:45,278 - rag_service - WARNING - Skipping document with empty body: 
2025-12-07 18:23:45,278 - rag_service - WARNING - Skipping document with empty body: 
2025-12-07 18:23:45,278 - rag_service - WARNING - Skipping document with empty body: 
2025-12-07 18:23:45,278 - rag_service - WARNING - Skipping document with empty body: 
2025-12-07 18:23:45,278 - rag_service - WARNING - Skipping document with empty body: 
2025-12-07 18:23:45,278 - rag_service - WARNING - Skipping document with empty body: 
2025-12-07 18:23:45,278 - rag_service - INFO - Processed batch 18: 1701-1800 / 2556
2025-12-07 18:23:45,278 - rag_service - WARNING - Skipping document with empty body: 
2025-12-07 18:23:45,278 - rag_service - WARNING - Skipping document with empty body: 
2025-12-07 18:23:45,278 - rag_service - WARNING - Skipping document with empty body: 
2025-12-07 18:23:45,278 - rag_service - WARNING - Skipping document with empty body: 
2025-12-07 18:23:45,278 - rag_service - WARNING - Skipping document with empty body: 
2025-12-07 18:23:45,278 - rag_service - WARNING - Skipping document with empty body: 
2025-12-07 18:23:45,278 - rag_service - WARNING - Skipping document with empty body: 
2025-12-07 18:23:45,278 - rag_service - WARNING - Skipping document with empty body: 
2025-12-07 18:23:45,278 - rag_service - WARNING - Skipping document with empty body: 
2025-12-07 18:23:45,278 - rag_service - WARNING - Skipping document with empty body: 
2025-12-07 18:23:45,278 - rag_service - WARNING - Skipping document with empty body: 
2025-12-07 18:23:45,278 - rag_service - WARNING - Skipping document with empty body: 
2025-12-07 18:23:45,278 - rag_service - WARNING - Skipping document with empty body: 
2025-12-07 18:23:45,278 - rag_service - WARNING - Skipping document with empty body: 
2025-12-07 18:23:45,278 - rag_service - WARNING - Skipping document with empty body: 
2025-12-07 18:23:45,278 - rag_service - WARNING - Skipping document with empty body: 
2025-12-07 18:23:45,278 - rag_service - WARNING - Skipping document with empty body: 
2025-12-07 18:23:45,278 - rag_service - WARNING - Skipping document with empty body: 
2025-12-07 18:23:45,278 - rag_service - WARNING - Skipping document with empty body: 
2025-12-07 18:23:45,278 - rag_service - WARNING - Skipping document with empty body: 
2025-12-07 18:23:45,278 - rag_service - WARNING - Skipping document with empty body: 
2025-12-07 18:23:45,278 - rag_service - WARNING - Skipping document with empty body: 
2025-12-07 18:23:45,278 - rag_service - WARNING - Skipping document with empty body: 
2025-12-07 18:23:45,279 - rag_service - WARNING - Skipping document with empty body: 
2025-12-07 18:23:45,279 - rag_service - WARNING - Skipping document with empty body: 
2025-12-07 18:23:45,279 - rag_service - WARNING - Skipping document with empty body: 
2025-12-07 18:23:45,279 - rag_service - WARNING - Skipping document with empty body: 
2025-12-07 18:23:45,279 - rag_service - WARNING - Skipping document with empty body: 
2025-12-07 18:23:45,279 - rag_service - WARNING - Skipping document with empty body: 
2025-12-07 18:23:45,279 - rag_service - WARNING - Skipping document with empty body: 
2025-12-07 18:23:45,279 - rag_service - WARNING - Skipping document with empty body: 
2025-12-07 18:23:45,280 - rag_service - WARNING - Skipping document with empty body: 
2025-12-07 18:23:45,280 - rag_service - WARNING - Skipping document with empty body: 
2025-12-07 18:23:45,280 - rag_service - WARNING - Skipping document with empty body: 
2025-12-07 18:23:45,280 - rag_service - WARNING - Skipping document with empty body: 
2025-12-07 18:23:45,280 - rag_service - WARNING - Skipping document with empty body: 
2025-12-07 18:23:45,280 - rag_service - WARNING - Skipping document with empty body: 
2025-12-07 18:23:45,280 - rag_service - WARNING - Skipping document with empty body: 
2025-12-07 18:23:45,280 - rag_service - WARNING - Skipping document with empty body: 
2025-12-07 18:23:45,280 - rag_service - WARNING - Skipping document with empty body: 
2025-12-07 18:23:45,280 - rag_service - WARNING - Skipping document with empty body: 
2025-12-07 18:23:45,280 - rag_service - WARNING - Skipping document with empty body: 
2025-12-07 18:23:45,280 - rag_service - WARNING - Skipping document with empty body: 
2025-12-07 18:23:45,280 - rag_service - WARNING - Skipping document with empty body: 
2025-12-07 18:23:45,280 - rag_service - WARNING - Skipping document with empty body: 
2025-12-07 18:23:45,280 - rag_service - WARNING - Skipping document with empty body: 
2025-12-07 18:23:45,280 - rag_service - WARNING - Skipping document with empty body: 
2025-12-07 18:23:45,280 - rag_service - WARNING - Skipping document with empty body: 
2025-12-07 18:23:45,280 - rag_service - WARNING - Skipping document with empty body: 
2025-12-07 18:23:45,280 - rag_service - WARNING - Skipping document with empty body: 
2025-12-07 18:23:45,280 - rag_service - WARNING - Skipping document with empty body: 
2025-12-07 18:23:45,280 - rag_service - WARNING - Skipping document with empty body: 
2025-12-07 18:23:45,280 - rag_service - WARNING - Skipping document with empty body: 
2025-12-07 18:23:45,280 - rag_service - WARNING - Skipping document with empty body: 
2025-12-07 18:23:45,280 - rag_service - WARNING - Skipping document with empty body: 
2025-12-07 18:23:45,280 - rag_service - WARNING - Skipping document with empty body: 
2025-12-07 18:23:45,280 - rag_service - WARNING - Skipping document with empty body: 
2025-12-07 18:23:45,280 - rag_service - WARNING - Skipping document with empty body: 
2025-12-07 18:23:45,280 - rag_service - WARNING - Skipping document with empty body: 
2025-12-07 18:23:45,280 - rag_service - WARNING - Skipping document with empty body: 
2025-12-07 18:23:45,280 - rag_service - WARNING - Skipping document with empty body: 
2025-12-07 18:23:45,280 - rag_service - WARNING - Skipping document with empty body: 
2025-12-07 18:23:45,280 - rag_service - WARNING - Skipping document with empty body: 
2025-12-07 18:23:45,280 - rag_service - WARNING - Skipping document with empty body: 
2025-12-07 18:23:45,280 - rag_service - WARNING - Skipping document with empty body: 
2025-12-07 18:23:45,280 - rag_service - WARNING - Skipping document with empty body: 
2025-12-07 18:23:45,280 - rag_service - WARNING - Skipping document with empty body: 
2025-12-07 18:23:45,280 - rag_service - WARNING - Skipping document with empty body: 
2025-12-07 18:23:45,280 - rag_service - WARNING - Skipping document with empty body: 
2025-12-07 18:23:45,280 - rag_service - WARNING - Skipping document with empty body: 
2025-12-07 18:23:45,280 - rag_service - WARNING - Skipping document with empty body: 
2025-12-07 18:23:45,280 - rag_service - WARNING - Skipping document with empty body: 
2025-12-07 18:23:45,280 - rag_service - WARNING - Skipping document with empty body: 
2025-12-07 18:23:45,280 - rag_service - WARNING - Skipping document with empty body: 
2025-12-07 18:23:45,280 - rag_service - WARNING - Skipping document with empty body: 
2025-12-07 18:23:45,280 - rag_service - WARNING - Skipping document with empty body: 
2025-12-07 18:23:45,280 - rag_service - WARNING - Skipping document with empty body: 
2025-12-07 18:23:45,281 - rag_service - WARNING - Skipping document with empty body: 
2025-12-07 18:23:45,281 - rag_service - WARNING - Skipping document with empty body: 
2025-12-07 18:23:45,281 - rag_service - WARNING - Skipping document with empty body: 
2025-12-07 18:23:45,281 - rag_service - WARNING - Skipping document with empty body: 
2025-12-07 18:23:45,281 - rag_service - WARNING - Skipping document with empty body: 
2025-12-07 18:23:45,281 - rag_service - WARNING - Skipping document with empty body: 
2025-12-07 18:23:45,281 - rag_service - WARNING - Skipping document with empty body: 
2025-12-07 18:23:45,281 - rag_service - WARNING - Skipping document with empty body: 
2025-12-07 18:23:45,281 - rag_service - WARNING - Skipping document with empty body: 
2025-12-07 18:23:45,281 - rag_service - WARNING - Skipping document with empty body: 
2025-12-07 18:23:45,281 - rag_service - WARNING - Skipping document with empty body: 
2025-12-07 18:23:45,281 - rag_service - WARNING - Skipping document with empty body: 
2025-12-07 18:23:45,281 - rag_service - WARNING - Skipping document with empty body: 
2025-12-07 18:23:45,281 - rag_service - WARNING - Skipping document with empty body: 
2025-12-07 18:23:45,281 - rag_service - WARNING - Skipping document with empty body: 
2025-12-07 18:23:45,281 - rag_service - WARNING - Skipping document with empty body: 
2025-12-07 18:23:45,281 - rag_service - WARNING - Skipping document with empty body: 
2025-12-07 18:23:45,281 - rag_service - WARNING - Skipping document with empty body: 
2025-12-07 18:23:45,281 - rag_service - WARNING - Skipping document with empty body: 
2025-12-07 18:23:45,281 - rag_service - WARNING - Skipping document with empty body: 
2025-12-07 18:23:45,281 - rag_service - WARNING - Skipping document with empty body: 
2025-12-07 18:23:45,281 - rag_service - WARNING - Skipping document with empty body: 
2025-12-07 18:23:45,281 - rag_service - WARNING - Skipping document with empty body: 
2025-12-07 18:23:45,281 - rag_service - INFO - Processed batch 19: 1801-1900 / 2556
2025-12-07 18:23:45,281 - rag_service - WARNING - Skipping document with empty body: 
2025-12-07 18:23:45,281 - rag_service - WARNING - Skipping document with empty body: 
2025-12-07 18:23:45,281 - rag_service - WARNING - Skipping document with empty body: 
2025-12-07 18:23:45,281 - rag_service - WARNING - Skipping document with empty body: 
2025-12-07 18:23:45,281 - rag_service - WARNING - Skipping document with empty body: 
2025-12-07 18:23:45,281 - rag_service - WARNING - Skipping document with empty body: 
2025-12-07 18:23:45,281 - rag_service - WARNING - Skipping document with empty body: 
2025-12-07 18:23:45,281 - rag_service - WARNING - Skipping document with empty body: 
2025-12-07 18:23:45,281 - rag_service - WARNING - Skipping document with empty body: 
2025-12-07 18:23:45,281 - rag_service - WARNING - Skipping document with empty body: 
2025-12-07 18:23:45,281 - rag_service - WARNING - Skipping document with empty body: 
2025-12-07 18:23:45,281 - rag_service - WARNING - Skipping document with empty body: 
2025-12-07 18:23:45,281 - rag_service - WARNING - Skipping document with empty body: 
2025-12-07 18:23:45,281 - rag_service - WARNING - Skipping document with empty body: 
2025-12-07 18:23:45,281 - rag_service - WARNING - Skipping document with empty body: 
2025-12-07 18:23:45,281 - rag_service - WARNING - Skipping document with empty body: 
2025-12-07 18:23:45,281 - rag_service - WARNING - Skipping document with empty body: 
2025-12-07 18:23:45,281 - rag_service - WARNING - Skipping document with empty body: 
2025-12-07 18:23:45,281 - rag_service - WARNING - Skipping document with empty body: 
2025-12-07 18:23:45,281 - rag_service - WARNING - Skipping document with empty body: 
2025-12-07 18:23:45,281 - rag_service - WARNING - Skipping document with empty body: 
2025-12-07 18:23:45,281 - rag_service - WARNING - Skipping document with empty body: 
2025-12-07 18:23:45,281 - rag_service - WARNING - Skipping document with empty body: 
2025-12-07 18:23:45,281 - rag_service - WARNING - Skipping document with empty body: 
2025-12-07 18:23:45,281 - rag_service - WARNING - Skipping document with empty body: 
2025-12-07 18:23:45,281 - rag_service - WARNING - Skipping document with empty body: 
2025-12-07 18:23:45,282 - rag_service - WARNING - Skipping document with empty body: 
2025-12-07 18:23:45,282 - rag_service - WARNING - Skipping document with empty body: 
2025-12-07 18:23:45,282 - rag_service - WARNING - Skipping document with empty body: 
2025-12-07 18:23:45,282 - rag_service - WARNING - Skipping document with empty body: 
2025-12-07 18:23:45,282 - rag_service - WARNING - Skipping document with empty body: 
2025-12-07 18:23:45,282 - rag_service - WARNING - Skipping document with empty body: 
2025-12-07 18:23:45,282 - rag_service - WARNING - Skipping document with empty body: 
2025-12-07 18:23:45,282 - rag_service - WARNING - Skipping document with empty body: 
2025-12-07 18:23:45,282 - rag_service - WARNING - Skipping document with empty body: 
2025-12-07 18:23:45,282 - rag_service - WARNING - Skipping document with empty body: 
2025-12-07 18:23:45,282 - rag_service - WARNING - Skipping document with empty body: 
2025-12-07 18:23:45,282 - rag_service - WARNING - Skipping document with empty body: 
2025-12-07 18:23:45,282 - rag_service - WARNING - Skipping document with empty body: 
2025-12-07 18:23:45,282 - rag_service - WARNING - Skipping document with empty body: 
2025-12-07 18:23:45,282 - rag_service - WARNING - Skipping document with empty body: 
2025-12-07 18:23:45,282 - rag_service - WARNING - Skipping document with empty body: 
2025-12-07 18:23:45,282 - rag_service - WARNING - Skipping document with empty body: 
2025-12-07 18:23:45,282 - rag_service - WARNING - Skipping document with empty body: 
2025-12-07 18:23:45,282 - rag_service - WARNING - Skipping document with empty body: 
2025-12-07 18:23:45,282 - rag_service - WARNING - Skipping document with empty body: 
2025-12-07 18:23:45,282 - rag_service - WARNING - Skipping document with empty body: 
2025-12-07 18:23:45,282 - rag_service - WARNING - Skipping document with empty body: 
2025-12-07 18:23:45,282 - rag_service - WARNING - Skipping document with empty body: 
2025-12-07 18:23:45,282 - rag_service - WARNING - Skipping document with empty body: 
2025-12-07 18:23:45,282 - rag_service - WARNING - Skipping document with empty body: 
2025-12-07 18:23:45,282 - rag_service - WARNING - Skipping document with empty body: 
2025-12-07 18:23:45,282 - rag_service - WARNING - Skipping document with empty body: 
2025-12-07 18:23:45,282 - rag_service - WARNING - Skipping document with empty body: 
2025-12-07 18:23:45,282 - rag_service - WARNING - Skipping document with empty body: 
2025-12-07 18:23:45,282 - rag_service - WARNING - Skipping document with empty body: 
2025-12-07 18:23:45,282 - rag_service - WARNING - Skipping document with empty body: 
2025-12-07 18:23:45,282 - rag_service - WARNING - Skipping document with empty body: 
2025-12-07 18:23:45,282 - rag_service - WARNING - Skipping document with empty body: 
2025-12-07 18:23:45,282 - rag_service - WARNING - Skipping document with empty body: 
2025-12-07 18:23:45,282 - rag_service - WARNING - Skipping document with empty body: 
2025-12-07 18:23:45,282 - rag_service - WARNING - Skipping document with empty body: 
2025-12-07 18:23:45,282 - rag_service - WARNING - Skipping document with empty body: 
2025-12-07 18:23:45,282 - rag_service - WARNING - Skipping document with empty body: 
2025-12-07 18:23:45,282 - rag_service - WARNING - Skipping document with empty body: 
2025-12-07 18:23:45,282 - rag_service - WARNING - Skipping document with empty body: 
2025-12-07 18:23:45,282 - rag_service - WARNING - Skipping document with empty body: 
2025-12-07 18:23:45,282 - rag_service - WARNING - Skipping document with empty body: 
2025-12-07 18:23:45,282 - rag_service - WARNING - Skipping document with empty body: 
2025-12-07 18:23:45,282 - rag_service - WARNING - Skipping document with empty body: 
2025-12-07 18:23:45,282 - rag_service - WARNING - Skipping document with empty body: 
2025-12-07 18:23:45,282 - rag_service - WARNING - Skipping document with empty body: 
2025-12-07 18:23:45,282 - rag_service - WARNING - Skipping document with empty body: 
2025-12-07 18:23:45,282 - rag_service - WARNING - Skipping document with empty body: 
2025-12-07 18:23:45,282 - rag_service - WARNING - Skipping document with empty body: 
2025-12-07 18:23:45,282 - rag_service - WARNING - Skipping document with empty body: 
2025-12-07 18:23:45,282 - rag_service - WARNING - Skipping document with empty body: 
2025-12-07 18:23:45,282 - rag_service - WARNING - Skipping document with empty body: 
2025-12-07 18:23:45,282 - rag_service - WARNING - Skipping document with empty body: 
2025-12-07 18:23:45,283 - rag_service - WARNING - Skipping document with empty body: 
2025-12-07 18:23:45,283 - rag_service - WARNING - Skipping document with empty body: 
2025-12-07 18:23:45,283 - rag_service - WARNING - Skipping document with empty body: 
2025-12-07 18:23:45,283 - rag_service - WARNING - Skipping document with empty body: 
2025-12-07 18:23:45,283 - rag_service - WARNING - Skipping document with empty body: 
2025-12-07 18:23:45,283 - rag_service - WARNING - Skipping document with empty body: 
2025-12-07 18:23:45,283 - rag_service - WARNING - Skipping document with empty body: 
2025-12-07 18:23:45,283 - rag_service - WARNING - Skipping document with empty body: 
2025-12-07 18:23:45,283 - rag_service - WARNING - Skipping document with empty body: 
2025-12-07 18:23:45,283 - rag_service - WARNING - Skipping document with empty body: 
2025-12-07 18:23:45,283 - rag_service - WARNING - Skipping document with empty body: 
2025-12-07 18:23:45,283 - rag_service - WARNING - Skipping document with empty body: 
2025-12-07 18:23:45,283 - rag_service - WARNING - Skipping document with empty body: 
2025-12-07 18:23:45,283 - rag_service - WARNING - Skipping document with empty body: 
2025-12-07 18:23:45,283 - rag_service - WARNING - Skipping document with empty body: 
2025-12-07 18:23:45,283 - rag_service - WARNING - Skipping document with empty body: 
2025-12-07 18:23:45,283 - rag_service - WARNING - Skipping document with empty body: 
2025-12-07 18:23:45,283 - rag_service - WARNING - Skipping document with empty body: 
2025-12-07 18:23:45,283 - rag_service - WARNING - Skipping document with empty body: 
2025-12-07 18:23:45,283 - rag_service - WARNING - Skipping document with empty body: 
2025-12-07 18:23:45,283 - rag_service - WARNING - Skipping document with empty body: 
2025-12-07 18:23:45,283 - rag_service - INFO - Processed batch 20: 1901-2000 / 2556
2025-12-07 18:23:45,283 - rag_service - WARNING - Skipping document with empty body: 
2025-12-07 18:23:45,283 - rag_service - WARNING - Skipping document with empty body: 
2025-12-07 18:23:45,283 - rag_service - WARNING - Skipping document with empty body: 
2025-12-07 18:23:45,283 - rag_service - WARNING - Skipping document with empty body: 
2025-12-07 18:23:45,283 - rag_service - WARNING - Skipping document with empty body: 
2025-12-07 18:23:45,283 - rag_service - WARNING - Skipping document with empty body: 
2025-12-07 18:23:45,283 - rag_service - WARNING - Skipping document with empty body: 
2025-12-07 18:23:45,283 - rag_service - WARNING - Skipping document with empty body: 
2025-12-07 18:23:45,283 - rag_service - WARNING - Skipping document with empty body: 
2025-12-07 18:23:45,283 - rag_service - WARNING - Skipping document with empty body: 
2025-12-07 18:23:45,283 - rag_service - WARNING - Skipping document with empty body: 
2025-12-07 18:23:45,283 - rag_service - WARNING - Skipping document with empty body: 
2025-12-07 18:23:45,283 - rag_service - WARNING - Skipping document with empty body: 
2025-12-07 18:23:45,283 - rag_service - WARNING - Skipping document with empty body: 
2025-12-07 18:23:45,283 - rag_service - WARNING - Skipping document with empty body: 
2025-12-07 18:23:45,283 - rag_service - WARNING - Skipping document with empty body: 
2025-12-07 18:23:45,283 - rag_service - WARNING - Skipping document with empty body: 
2025-12-07 18:23:45,283 - rag_service - WARNING - Skipping document with empty body: 
2025-12-07 18:23:45,283 - rag_service - WARNING - Skipping document with empty body: 
2025-12-07 18:23:45,283 - rag_service - WARNING - Skipping document with empty body: 
2025-12-07 18:23:45,283 - rag_service - WARNING - Skipping document with empty body: 
2025-12-07 18:23:45,283 - rag_service - WARNING - Skipping document with empty body: 
2025-12-07 18:23:45,283 - rag_service - WARNING - Skipping document with empty body: 
2025-12-07 18:23:45,283 - rag_service - WARNING - Skipping document with empty body: 
2025-12-07 18:23:45,283 - rag_service - WARNING - Skipping document with empty body: 
2025-12-07 18:23:45,283 - rag_service - WARNING - Skipping document with empty body: 
2025-12-07 18:23:45,283 - rag_service - WARNING - Skipping document with empty body: 
2025-12-07 18:23:45,283 - rag_service - WARNING - Skipping document with empty body: 
2025-12-07 18:23:45,283 - rag_service - WARNING - Skipping document with empty body: 
2025-12-07 18:23:45,283 - rag_service - WARNING - Skipping document with empty body: 
2025-12-07 18:23:45,283 - rag_service - WARNING - Skipping document with empty body: 
2025-12-07 18:23:45,284 - rag_service - WARNING - Skipping document with empty body: 
2025-12-07 18:23:45,284 - rag_service - WARNING - Skipping document with empty body: 
2025-12-07 18:23:45,284 - rag_service - WARNING - Skipping document with empty body: 
2025-12-07 18:23:45,284 - rag_service - WARNING - Skipping document with empty body: 
2025-12-07 18:23:45,284 - rag_service - WARNING - Skipping document with empty body: 
2025-12-07 18:23:45,284 - rag_service - WARNING - Skipping document with empty body: 
2025-12-07 18:23:45,284 - rag_service - WARNING - Skipping document with empty body: 
2025-12-07 18:23:45,284 - rag_service - WARNING - Skipping document with empty body: 
2025-12-07 18:23:45,284 - rag_service - WARNING - Skipping document with empty body: 
2025-12-07 18:23:45,284 - rag_service - WARNING - Skipping document with empty body: 
2025-12-07 18:23:45,284 - rag_service - WARNING - Skipping document with empty body: 
2025-12-07 18:23:45,284 - rag_service - WARNING - Skipping document with empty body: 
2025-12-07 18:23:45,284 - rag_service - WARNING - Skipping document with empty body: 
2025-12-07 18:23:45,284 - rag_service - WARNING - Skipping document with empty body: 
2025-12-07 18:23:45,284 - rag_service - WARNING - Skipping document with empty body: 
2025-12-07 18:23:45,284 - rag_service - WARNING - Skipping document with empty body: 
2025-12-07 18:23:45,284 - rag_service - WARNING - Skipping document with empty body: 
2025-12-07 18:23:45,284 - rag_service - WARNING - Skipping document with empty body: 
2025-12-07 18:23:45,284 - rag_service - WARNING - Skipping document with empty body: 
2025-12-07 18:23:45,284 - rag_service - WARNING - Skipping document with empty body: 
2025-12-07 18:23:45,284 - rag_service - WARNING - Skipping document with empty body: 
2025-12-07 18:23:45,284 - rag_service - WARNING - Skipping document with empty body: 
2025-12-07 18:23:45,284 - rag_service - WARNING - Skipping document with empty body: 
2025-12-07 18:23:45,284 - rag_service - WARNING - Skipping document with empty body: 
2025-12-07 18:23:45,284 - rag_service - WARNING - Skipping document with empty body: 
2025-12-07 18:23:45,284 - rag_service - WARNING - Skipping document with empty body: 
2025-12-07 18:23:45,284 - rag_service - WARNING - Skipping document with empty body: 
2025-12-07 18:23:45,284 - rag_service - WARNING - Skipping document with empty body: 
2025-12-07 18:23:45,284 - rag_service - WARNING - Skipping document with empty body: 
2025-12-07 18:23:45,284 - rag_service - WARNING - Skipping document with empty body: 
2025-12-07 18:23:45,284 - rag_service - WARNING - Skipping document with empty body: 
2025-12-07 18:23:45,284 - rag_service - WARNING - Skipping document with empty body: 
2025-12-07 18:23:45,284 - rag_service - WARNING - Skipping document with empty body: 
2025-12-07 18:23:45,284 - rag_service - WARNING - Skipping document with empty body: 
2025-12-07 18:23:45,284 - rag_service - WARNING - Skipping document with empty body: 
2025-12-07 18:23:45,284 - rag_service - WARNING - Skipping document with empty body: 
2025-12-07 18:23:45,284 - rag_service - WARNING - Skipping document with empty body: 
2025-12-07 18:23:45,284 - rag_service - WARNING - Skipping document with empty body: 
2025-12-07 18:23:45,284 - rag_service - WARNING - Skipping document with empty body: 
2025-12-07 18:23:45,284 - rag_service - WARNING - Skipping document with empty body: 
2025-12-07 18:23:45,284 - rag_service - WARNING - Skipping document with empty body: 
2025-12-07 18:23:45,284 - rag_service - WARNING - Skipping document with empty body: 
2025-12-07 18:23:45,284 - rag_service - WARNING - Skipping document with empty body: 
2025-12-07 18:23:45,284 - rag_service - WARNING - Skipping document with empty body: 
2025-12-07 18:23:45,284 - rag_service - WARNING - Skipping document with empty body: 
2025-12-07 18:23:45,284 - rag_service - WARNING - Skipping document with empty body: 
2025-12-07 18:23:45,284 - rag_service - WARNING - Skipping document with empty body: 
2025-12-07 18:23:45,284 - rag_service - WARNING - Skipping document with empty body: 
2025-12-07 18:23:45,284 - rag_service - WARNING - Skipping document with empty body: 
2025-12-07 18:23:45,284 - rag_service - WARNING - Skipping document with empty body: 
2025-12-07 18:23:45,284 - rag_service - WARNING - Skipping document with empty body: 
2025-12-07 18:23:45,284 - rag_service - WARNING - Skipping document with empty body: 
2025-12-07 18:23:45,284 - rag_service - WARNING - Skipping document with empty body: 
2025-12-07 18:23:45,284 - rag_service - WARNING - Skipping document with empty body: 
2025-12-07 18:23:45,285 - rag_service - WARNING - Skipping document with empty body: 
2025-12-07 18:23:45,285 - rag_service - WARNING - Skipping document with empty body: 
2025-12-07 18:23:45,285 - rag_service - WARNING - Skipping document with empty body: 
2025-12-07 18:23:45,285 - rag_service - WARNING - Skipping document with empty body: 
2025-12-07 18:23:45,285 - rag_service - WARNING - Skipping document with empty body: 
2025-12-07 18:23:45,285 - rag_service - WARNING - Skipping document with empty body: 
2025-12-07 18:23:45,285 - rag_service - WARNING - Skipping document with empty body: 
2025-12-07 18:23:45,285 - rag_service - WARNING - Skipping document with empty body: 
2025-12-07 18:23:45,285 - rag_service - WARNING - Skipping document with empty body: 
2025-12-07 18:23:45,285 - rag_service - WARNING - Skipping document with empty body: 
2025-12-07 18:23:45,285 - rag_service - WARNING - Skipping document with empty body: 
2025-12-07 18:23:45,285 - rag_service - WARNING - Skipping document with empty body: 
2025-12-07 18:23:45,285 - rag_service - WARNING - Skipping document with empty body: 
2025-12-07 18:23:45,285 - rag_service - WARNING - Skipping document with empty body: 
2025-12-07 18:23:45,285 - rag_service - WARNING - Skipping document with empty body: 
2025-12-07 18:23:45,285 - rag_service - INFO - Processed batch 21: 2001-2100 / 2556
2025-12-07 18:23:45,285 - rag_service - WARNING - Skipping document with empty body: 
2025-12-07 18:23:45,285 - rag_service - WARNING - Skipping document with empty body: 
2025-12-07 18:23:45,285 - rag_service - WARNING - Skipping document with empty body: 
2025-12-07 18:23:45,285 - rag_service - WARNING - Skipping document with empty body: 
2025-12-07 18:23:45,285 - rag_service - WARNING - Skipping document with empty body: 
2025-12-07 18:23:45,285 - rag_service - WARNING - Skipping document with empty body: 
2025-12-07 18:23:45,285 - rag_service - WARNING - Skipping document with empty body: 
2025-12-07 18:23:45,285 - rag_service - WARNING - Skipping document with empty body: 
2025-12-07 18:23:45,285 - rag_service - WARNING - Skipping document with empty body: 
2025-12-07 18:23:45,285 - rag_service - WARNING - Skipping document with empty body: 
2025-12-07 18:23:45,285 - rag_service - WARNING - Skipping document with empty body: 
2025-12-07 18:23:45,285 - rag_service - WARNING - Skipping document with empty body: 
2025-12-07 18:23:45,285 - rag_service - WARNING - Skipping document with empty body: 
2025-12-07 18:23:45,285 - rag_service - WARNING - Skipping document with empty body: 
2025-12-07 18:23:45,285 - rag_service - WARNING - Skipping document with empty body: 
2025-12-07 18:23:45,285 - rag_service - WARNING - Skipping document with empty body: 
2025-12-07 18:23:45,285 - rag_service - WARNING - Skipping document with empty body: 
2025-12-07 18:23:45,285 - rag_service - WARNING - Skipping document with empty body: 
2025-12-07 18:23:45,285 - rag_service - WARNING - Skipping document with empty body: 
2025-12-07 18:23:45,285 - rag_service - WARNING - Skipping document with empty body: 
2025-12-07 18:23:45,285 - rag_service - WARNING - Skipping document with empty body: 
2025-12-07 18:23:45,285 - rag_service - WARNING - Skipping document with empty body: 
2025-12-07 18:23:45,285 - rag_service - WARNING - Skipping document with empty body: 
2025-12-07 18:23:45,285 - rag_service - WARNING - Skipping document with empty body: 
2025-12-07 18:23:45,285 - rag_service - WARNING - Skipping document with empty body: 
2025-12-07 18:23:45,285 - rag_service - WARNING - Skipping document with empty body: 
2025-12-07 18:23:45,285 - rag_service - WARNING - Skipping document with empty body: 
2025-12-07 18:23:45,285 - rag_service - WARNING - Skipping document with empty body: 
2025-12-07 18:23:45,285 - rag_service - WARNING - Skipping document with empty body: 
2025-12-07 18:23:45,285 - rag_service - WARNING - Skipping document with empty body: 
2025-12-07 18:23:45,285 - rag_service - WARNING - Skipping document with empty body: 
2025-12-07 18:23:45,285 - rag_service - WARNING - Skipping document with empty body: 
2025-12-07 18:23:45,286 - rag_service - WARNING - Skipping document with empty body: 
2025-12-07 18:23:45,286 - rag_service - WARNING - Skipping document with empty body: 
2025-12-07 18:23:45,286 - rag_service - WARNING - Skipping document with empty body: 
2025-12-07 18:23:45,286 - rag_service - WARNING - Skipping document with empty body: 
2025-12-07 18:23:45,286 - rag_service - WARNING - Skipping document with empty body: 
2025-12-07 18:23:45,286 - rag_service - WARNING - Skipping document with empty body: 
2025-12-07 18:23:45,286 - rag_service - WARNING - Skipping document with empty body: 
2025-12-07 18:23:45,286 - rag_service - WARNING - Skipping document with empty body: 
2025-12-07 18:23:45,286 - rag_service - WARNING - Skipping document with empty body: 
2025-12-07 18:23:45,286 - rag_service - WARNING - Skipping document with empty body: 
2025-12-07 18:23:45,286 - rag_service - WARNING - Skipping document with empty body: 
2025-12-07 18:23:45,286 - rag_service - WARNING - Skipping document with empty body: 
2025-12-07 18:23:45,286 - rag_service - WARNING - Skipping document with empty body: 
2025-12-07 18:23:45,286 - rag_service - WARNING - Skipping document with empty body: 
2025-12-07 18:23:45,286 - rag_service - WARNING - Skipping document with empty body: 
2025-12-07 18:23:45,286 - rag_service - WARNING - Skipping document with empty body: 
2025-12-07 18:23:45,286 - rag_service - WARNING - Skipping document with empty body: 
2025-12-07 18:23:45,286 - rag_service - WARNING - Skipping document with empty body: 
2025-12-07 18:23:45,286 - rag_service - WARNING - Skipping document with empty body: 
2025-12-07 18:23:45,286 - rag_service - WARNING - Skipping document with empty body: 
2025-12-07 18:23:45,286 - rag_service - WARNING - Skipping document with empty body: 
2025-12-07 18:23:45,286 - rag_service - WARNING - Skipping document with empty body: 
2025-12-07 18:23:45,286 - rag_service - WARNING - Skipping document with empty body: 
2025-12-07 18:23:45,286 - rag_service - WARNING - Skipping document with empty body: 
2025-12-07 18:23:45,286 - rag_service - WARNING - Skipping document with empty body: 
2025-12-07 18:23:45,286 - rag_service - WARNING - Skipping document with empty body: 
2025-12-07 18:23:45,286 - rag_service - WARNING - Skipping document with empty body: 
2025-12-07 18:23:45,286 - rag_service - WARNING - Skipping document with empty body: 
2025-12-07 18:23:45,286 - rag_service - WARNING - Skipping document with empty body: 
2025-12-07 18:23:45,286 - rag_service - WARNING - Skipping document with empty body: 
2025-12-07 18:23:45,286 - rag_service - WARNING - Skipping document with empty body: 
2025-12-07 18:23:45,286 - rag_service - WARNING - Skipping document with empty body: 
2025-12-07 18:23:45,286 - rag_service - WARNING - Skipping document with empty body: 
2025-12-07 18:23:45,286 - rag_service - WARNING - Skipping document with empty body: 
2025-12-07 18:23:45,286 - rag_service - WARNING - Skipping document with empty body: 
2025-12-07 18:23:45,286 - rag_service - WARNING - Skipping document with empty body: 
2025-12-07 18:23:45,286 - rag_service - WARNING - Skipping document with empty body: 
2025-12-07 18:23:45,286 - rag_service - WARNING - Skipping document with empty body: 
2025-12-07 18:23:45,286 - rag_service - WARNING - Skipping document with empty body: 
2025-12-07 18:23:45,286 - rag_service - WARNING - Skipping document with empty body: 
2025-12-07 18:23:45,286 - rag_service - WARNING - Skipping document with empty body: 
2025-12-07 18:23:45,286 - rag_service - WARNING - Skipping document with empty body: 
2025-12-07 18:23:45,286 - rag_service - WARNING - Skipping document with empty body: 
2025-12-07 18:23:45,286 - rag_service - WARNING - Skipping document with empty body: 
2025-12-07 18:23:45,286 - rag_service - WARNING - Skipping document with empty body: 
2025-12-07 18:23:45,286 - rag_service - WARNING - Skipping document with empty body: 
2025-12-07 18:23:45,286 - rag_service - WARNING - Skipping document with empty body: 
2025-12-07 18:23:45,286 - rag_service - WARNING - Skipping document with empty body: 
2025-12-07 18:23:45,286 - rag_service - WARNING - Skipping document with empty body: 
2025-12-07 18:23:45,286 - rag_service - WARNING - Skipping document with empty body: 
2025-12-07 18:23:45,286 - rag_service - WARNING - Skipping document with empty body: 
2025-12-07 18:23:45,287 - rag_service - WARNING - Skipping document with empty body: 
2025-12-07 18:23:45,287 - rag_service - WARNING - Skipping document with empty body: 
2025-12-07 18:23:45,287 - rag_service - WARNING - Skipping document with empty body: 
2025-12-07 18:23:45,287 - rag_service - WARNING - Skipping document with empty body: 
2025-12-07 18:23:45,287 - rag_service - WARNING - Skipping document with empty body: 
2025-12-07 18:23:45,287 - rag_service - WARNING - Skipping document with empty body: 
2025-12-07 18:23:45,287 - rag_service - WARNING - Skipping document with empty body: 
2025-12-07 18:23:45,287 - rag_service - WARNING - Skipping document with empty body: 
2025-12-07 18:23:45,287 - rag_service - WARNING - Skipping document with empty body: 
2025-12-07 18:23:45,287 - rag_service - WARNING - Skipping document with empty body: 
2025-12-07 18:23:45,287 - rag_service - WARNING - Skipping document with empty body: 
2025-12-07 18:23:45,287 - rag_service - WARNING - Skipping document with empty body: 
2025-12-07 18:23:45,287 - rag_service - WARNING - Skipping document with empty body: 
2025-12-07 18:23:45,287 - rag_service - WARNING - Skipping document with empty body: 
2025-12-07 18:23:45,287 - rag_service - WARNING - Skipping document with empty body: 
2025-12-07 18:23:45,287 - rag_service - WARNING - Skipping document with empty body: 
2025-12-07 18:23:45,287 - rag_service - WARNING - Skipping document with empty body: 
2025-12-07 18:23:45,287 - rag_service - INFO - Processed batch 22: 2101-2200 / 2556
2025-12-07 18:23:45,287 - rag_service - WARNING - Skipping document with empty body: 
2025-12-07 18:23:45,287 - rag_service - WARNING - Skipping document with empty body: 
2025-12-07 18:23:45,287 - rag_service - WARNING - Skipping document with empty body: 
2025-12-07 18:23:45,287 - rag_service - WARNING - Skipping document with empty body: 
2025-12-07 18:23:45,287 - rag_service - WARNING - Skipping document with empty body: 
2025-12-07 18:23:45,287 - rag_service - WARNING - Skipping document with empty body: 
2025-12-07 18:23:45,287 - rag_service - WARNING - Skipping document with empty body: 
2025-12-07 18:23:45,287 - rag_service - WARNING - Skipping document with empty body: 
2025-12-07 18:23:45,287 - rag_service - WARNING - Skipping document with empty body: 
2025-12-07 18:23:45,287 - rag_service - WARNING - Skipping document with empty body: 
2025-12-07 18:23:45,287 - rag_service - WARNING - Skipping document with empty body: 
2025-12-07 18:23:45,287 - rag_service - WARNING - Skipping document with empty body: 
2025-12-07 18:23:45,287 - rag_service - WARNING - Skipping document with empty body: 
2025-12-07 18:23:45,287 - rag_service - WARNING - Skipping document with empty body: 
2025-12-07 18:23:45,287 - rag_service - WARNING - Skipping document with empty body: 
2025-12-07 18:23:45,287 - rag_service - WARNING - Skipping document with empty body: 
2025-12-07 18:23:45,287 - rag_service - WARNING - Skipping document with empty body: 
2025-12-07 18:23:45,287 - rag_service - WARNING - Skipping document with empty body: 
2025-12-07 18:23:45,287 - rag_service - WARNING - Skipping document with empty body: 
2025-12-07 18:23:45,287 - rag_service - WARNING - Skipping document with empty body: 
2025-12-07 18:23:45,287 - rag_service - WARNING - Skipping document with empty body: 
2025-12-07 18:23:45,287 - rag_service - WARNING - Skipping document with empty body: 
2025-12-07 18:23:45,287 - rag_service - WARNING - Skipping document with empty body: 
2025-12-07 18:23:45,287 - rag_service - WARNING - Skipping document with empty body: 
2025-12-07 18:23:45,287 - rag_service - WARNING - Skipping document with empty body: 
2025-12-07 18:23:45,287 - rag_service - WARNING - Skipping document with empty body: 
2025-12-07 18:23:45,287 - rag_service - WARNING - Skipping document with empty body: 
2025-12-07 18:23:45,287 - rag_service - WARNING - Skipping document with empty body: 
2025-12-07 18:23:45,287 - rag_service - WARNING - Skipping document with empty body: 
2025-12-07 18:23:45,287 - rag_service - WARNING - Skipping document with empty body: 
2025-12-07 18:23:45,287 - rag_service - WARNING - Skipping document with empty body: 
2025-12-07 18:23:45,287 - rag_service - WARNING - Skipping document with empty body: 
2025-12-07 18:23:45,287 - rag_service - WARNING - Skipping document with empty body: 
2025-12-07 18:23:45,287 - rag_service - WARNING - Skipping document with empty body: 
2025-12-07 18:23:45,287 - rag_service - WARNING - Skipping document with empty body: 
2025-12-07 18:23:45,287 - rag_service - WARNING - Skipping document with empty body: 
2025-12-07 18:23:45,288 - rag_service - WARNING - Skipping document with empty body: 
2025-12-07 18:23:45,288 - rag_service - WARNING - Skipping document with empty body: 
2025-12-07 18:23:45,288 - rag_service - WARNING - Skipping document with empty body: 
2025-12-07 18:23:45,288 - rag_service - WARNING - Skipping document with empty body: 
2025-12-07 18:23:45,288 - rag_service - WARNING - Skipping document with empty body: 
2025-12-07 18:23:45,288 - rag_service - WARNING - Skipping document with empty body: 
2025-12-07 18:23:45,288 - rag_service - WARNING - Skipping document with empty body: 
2025-12-07 18:23:45,288 - rag_service - WARNING - Skipping document with empty body: 
2025-12-07 18:23:45,288 - rag_service - WARNING - Skipping document with empty body: 
2025-12-07 18:23:45,288 - rag_service - WARNING - Skipping document with empty body: 
2025-12-07 18:23:45,288 - rag_service - WARNING - Skipping document with empty body: 
2025-12-07 18:23:45,288 - rag_service - WARNING - Skipping document with empty body: 
2025-12-07 18:23:45,288 - rag_service - WARNING - Skipping document with empty body: 
2025-12-07 18:23:45,288 - rag_service - WARNING - Skipping document with empty body: 
2025-12-07 18:23:45,288 - rag_service - WARNING - Skipping document with empty body: 
2025-12-07 18:23:45,288 - rag_service - WARNING - Skipping document with empty body: 
2025-12-07 18:23:45,288 - rag_service - WARNING - Skipping document with empty body: 
2025-12-07 18:23:45,288 - rag_service - WARNING - Skipping document with empty body: 
2025-12-07 18:23:45,288 - rag_service - WARNING - Skipping document with empty body: 
2025-12-07 18:23:45,288 - rag_service - WARNING - Skipping document with empty body: 
2025-12-07 18:23:45,288 - rag_service - WARNING - Skipping document with empty body: 
2025-12-07 18:23:45,288 - rag_service - WARNING - Skipping document with empty body: 
2025-12-07 18:23:45,288 - rag_service - WARNING - Skipping document with empty body: 
2025-12-07 18:23:45,288 - rag_service - WARNING - Skipping document with empty body: 
2025-12-07 18:23:45,288 - rag_service - WARNING - Skipping document with empty body: 
2025-12-07 18:23:45,288 - rag_service - WARNING - Skipping document with empty body: 
2025-12-07 18:23:45,288 - rag_service - WARNING - Skipping document with empty body: 
2025-12-07 18:23:45,288 - rag_service - WARNING - Skipping document with empty body: 
2025-12-07 18:23:45,288 - rag_service - WARNING - Skipping document with empty body: 
2025-12-07 18:23:45,288 - rag_service - WARNING - Skipping document with empty body: 
2025-12-07 18:23:45,288 - rag_service - WARNING - Skipping document with empty body: 
2025-12-07 18:23:45,288 - rag_service - WARNING - Skipping document with empty body: 
2025-12-07 18:23:45,288 - rag_service - WARNING - Skipping document with empty body: 
2025-12-07 18:23:45,288 - rag_service - WARNING - Skipping document with empty body: 
2025-12-07 18:23:45,288 - rag_service - WARNING - Skipping document with empty body: 
2025-12-07 18:23:45,288 - rag_service - WARNING - Skipping document with empty body: 
2025-12-07 18:23:45,288 - rag_service - WARNING - Skipping document with empty body: 
2025-12-07 18:23:45,288 - rag_service - WARNING - Skipping document with empty body: 
2025-12-07 18:23:45,288 - rag_service - WARNING - Skipping document with empty body: 
2025-12-07 18:23:45,288 - rag_service - WARNING - Skipping document with empty body: 
2025-12-07 18:23:45,288 - rag_service - WARNING - Skipping document with empty body: 
2025-12-07 18:23:45,288 - rag_service - WARNING - Skipping document with empty body: 
2025-12-07 18:23:45,288 - rag_service - WARNING - Skipping document with empty body: 
2025-12-07 18:23:45,288 - rag_service - WARNING - Skipping document with empty body: 
2025-12-07 18:23:45,288 - rag_service - WARNING - Skipping document with empty body: 
2025-12-07 18:23:45,288 - rag_service - WARNING - Skipping document with empty body: 
2025-12-07 18:23:45,288 - rag_service - WARNING - Skipping document with empty body: 
2025-12-07 18:23:45,288 - rag_service - WARNING - Skipping document with empty body: 
2025-12-07 18:23:45,288 - rag_service - WARNING - Skipping document with empty body: 
2025-12-07 18:23:45,288 - rag_service - WARNING - Skipping document with empty body: 
2025-12-07 18:23:45,288 - rag_service - WARNING - Skipping document with empty body: 
2025-12-07 18:23:45,288 - rag_service - WARNING - Skipping document with empty body: 
2025-12-07 18:23:45,288 - rag_service - WARNING - Skipping document with empty body: 
2025-12-07 18:23:45,288 - rag_service - WARNING - Skipping document with empty body: 
2025-12-07 18:23:45,288 - rag_service - WARNING - Skipping document with empty body: 
2025-12-07 18:23:45,288 - rag_service - WARNING - Skipping document with empty body: 
2025-12-07 18:23:45,288 - rag_service - WARNING - Skipping document with empty body: 
2025-12-07 18:23:45,289 - rag_service - WARNING - Skipping document with empty body: 
2025-12-07 18:23:45,289 - rag_service - WARNING - Skipping document with empty body: 
2025-12-07 18:23:45,289 - rag_service - WARNING - Skipping document with empty body: 
2025-12-07 18:23:45,289 - rag_service - WARNING - Skipping document with empty body: 
2025-12-07 18:23:45,289 - rag_service - WARNING - Skipping document with empty body: 
2025-12-07 18:23:45,289 - rag_service - WARNING - Skipping document with empty body: 
2025-12-07 18:23:45,289 - rag_service - WARNING - Skipping document with empty body: 
2025-12-07 18:23:45,289 - rag_service - INFO - Processed batch 23: 2201-2300 / 2556
2025-12-07 18:23:45,289 - rag_service - WARNING - Skipping document with empty body: 
2025-12-07 18:23:45,289 - rag_service - WARNING - Skipping document with empty body: 
2025-12-07 18:23:45,289 - rag_service - WARNING - Skipping document with empty body: 
2025-12-07 18:23:45,289 - rag_service - WARNING - Skipping document with empty body: 
2025-12-07 18:23:45,289 - rag_service - WARNING - Skipping document with empty body: 
2025-12-07 18:23:45,289 - rag_service - WARNING - Skipping document with empty body: 
2025-12-07 18:23:45,289 - rag_service - WARNING - Skipping document with empty body: 
2025-12-07 18:23:45,289 - rag_service - WARNING - Skipping document with empty body: 
2025-12-07 18:23:45,289 - rag_service - WARNING - Skipping document with empty body: 
2025-12-07 18:23:45,289 - rag_service - WARNING - Skipping document with empty body: 
2025-12-07 18:23:45,289 - rag_service - WARNING - Skipping document with empty body: 
2025-12-07 18:23:45,289 - rag_service - WARNING - Skipping document with empty body: 
2025-12-07 18:23:45,289 - rag_service - WARNING - Skipping document with empty body: 
2025-12-07 18:23:45,289 - rag_service - WARNING - Skipping document with empty body: 
2025-12-07 18:23:45,289 - rag_service - WARNING - Skipping document with empty body: 
2025-12-07 18:23:45,289 - rag_service - WARNING - Skipping document with empty body: 
2025-12-07 18:23:45,289 - rag_service - WARNING - Skipping document with empty body: 
2025-12-07 18:23:45,289 - rag_service - WARNING - Skipping document with empty body: 
2025-12-07 18:23:45,289 - rag_service - WARNING - Skipping document with empty body: 
2025-12-07 18:23:45,289 - rag_service - WARNING - Skipping document with empty body: 
2025-12-07 18:23:45,289 - rag_service - WARNING - Skipping document with empty body: 
2025-12-07 18:23:45,289 - rag_service - WARNING - Skipping document with empty body: 
2025-12-07 18:23:45,289 - rag_service - WARNING - Skipping document with empty body: 
2025-12-07 18:23:45,289 - rag_service - WARNING - Skipping document with empty body: 
2025-12-07 18:23:45,289 - rag_service - WARNING - Skipping document with empty body: 
2025-12-07 18:23:45,289 - rag_service - WARNING - Skipping document with empty body: 
2025-12-07 18:23:45,289 - rag_service - WARNING - Skipping document with empty body: 
2025-12-07 18:23:45,289 - rag_service - WARNING - Skipping document with empty body: 
2025-12-07 18:23:45,289 - rag_service - WARNING - Skipping document with empty body: 
2025-12-07 18:23:45,289 - rag_service - WARNING - Skipping document with empty body: 
2025-12-07 18:23:45,289 - rag_service - WARNING - Skipping document with empty body: 
2025-12-07 18:23:45,289 - rag_service - WARNING - Skipping document with empty body: 
2025-12-07 18:23:45,289 - rag_service - WARNING - Skipping document with empty body: 
2025-12-07 18:23:45,289 - rag_service - WARNING - Skipping document with empty body: 
2025-12-07 18:23:45,289 - rag_service - WARNING - Skipping document with empty body: 
2025-12-07 18:23:45,289 - rag_service - WARNING - Skipping document with empty body: 
2025-12-07 18:23:45,289 - rag_service - WARNING - Skipping document with empty body: 
2025-12-07 18:23:45,289 - rag_service - WARNING - Skipping document with empty body: 
2025-12-07 18:23:45,289 - rag_service - WARNING - Skipping document with empty body: 
2025-12-07 18:23:45,289 - rag_service - WARNING - Skipping document with empty body: 
2025-12-07 18:23:45,289 - rag_service - WARNING - Skipping document with empty body: 
2025-12-07 18:23:45,289 - rag_service - WARNING - Skipping document with empty body: 
2025-12-07 18:23:45,289 - rag_service - WARNING - Skipping document with empty body: 
2025-12-07 18:23:45,289 - rag_service - WARNING - Skipping document with empty body: 
2025-12-07 18:23:45,289 - rag_service - WARNING - Skipping document with empty body: 
2025-12-07 18:23:45,289 - rag_service - WARNING - Skipping document with empty body: 
2025-12-07 18:23:45,289 - rag_service - WARNING - Skipping document with empty body: 
2025-12-07 18:23:45,290 - rag_service - WARNING - Skipping document with empty body: 
2025-12-07 18:23:45,290 - rag_service - WARNING - Skipping document with empty body: 
2025-12-07 18:23:45,290 - rag_service - WARNING - Skipping document with empty body: 
2025-12-07 18:23:45,290 - rag_service - WARNING - Skipping document with empty body: 
2025-12-07 18:23:45,290 - rag_service - WARNING - Skipping document with empty body: 
2025-12-07 18:23:45,290 - rag_service - WARNING - Skipping document with empty body: 
2025-12-07 18:23:45,290 - rag_service - WARNING - Skipping document with empty body: 
2025-12-07 18:23:45,290 - rag_service - WARNING - Skipping document with empty body: 
2025-12-07 18:23:45,290 - rag_service - WARNING - Skipping document with empty body: 
2025-12-07 18:23:45,290 - rag_service - WARNING - Skipping document with empty body: 
2025-12-07 18:23:45,290 - rag_service - WARNING - Skipping document with empty body: 
2025-12-07 18:23:45,290 - rag_service - WARNING - Skipping document with empty body: 
2025-12-07 18:23:45,290 - rag_service - WARNING - Skipping document with empty body: 
2025-12-07 18:23:45,290 - rag_service - WARNING - Skipping document with empty body: 
2025-12-07 18:23:45,290 - rag_service - WARNING - Skipping document with empty body: 
2025-12-07 18:23:45,290 - rag_service - WARNING - Skipping document with empty body: 
2025-12-07 18:23:45,290 - rag_service - WARNING - Skipping document with empty body: 
2025-12-07 18:23:45,290 - rag_service - WARNING - Skipping document with empty body: 
2025-12-07 18:23:45,290 - rag_service - WARNING - Skipping document with empty body: 
2025-12-07 18:23:45,290 - rag_service - WARNING - Skipping document with empty body: 
2025-12-07 18:23:45,290 - rag_service - WARNING - Skipping document with empty body: 
2025-12-07 18:23:45,290 - rag_service - WARNING - Skipping document with empty body: 
2025-12-07 18:23:45,290 - rag_service - WARNING - Skipping document with empty body: 
2025-12-07 18:23:45,290 - rag_service - WARNING - Skipping document with empty body: 
2025-12-07 18:23:45,290 - rag_service - WARNING - Skipping document with empty body: 
2025-12-07 18:23:45,290 - rag_service - WARNING - Skipping document with empty body: 
2025-12-07 18:23:45,290 - rag_service - WARNING - Skipping document with empty body: 
2025-12-07 18:23:45,290 - rag_service - WARNING - Skipping document with empty body: 
2025-12-07 18:23:45,290 - rag_service - WARNING - Skipping document with empty body: 
2025-12-07 18:23:45,290 - rag_service - WARNING - Skipping document with empty body: 
2025-12-07 18:23:45,290 - rag_service - WARNING - Skipping document with empty body: 
2025-12-07 18:23:45,290 - rag_service - WARNING - Skipping document with empty body: 
2025-12-07 18:23:45,290 - rag_service - WARNING - Skipping document with empty body: 
2025-12-07 18:23:45,290 - rag_service - WARNING - Skipping document with empty body: 
2025-12-07 18:23:45,290 - rag_service - WARNING - Skipping document with empty body: 
2025-12-07 18:23:45,290 - rag_service - WARNING - Skipping document with empty body: 
2025-12-07 18:23:45,290 - rag_service - WARNING - Skipping document with empty body: 
2025-12-07 18:23:45,290 - rag_service - WARNING - Skipping document with empty body: 
2025-12-07 18:23:45,290 - rag_service - WARNING - Skipping document with empty body: 
2025-12-07 18:23:45,290 - rag_service - WARNING - Skipping document with empty body: 
2025-12-07 18:23:45,290 - rag_service - WARNING - Skipping document with empty body: 
2025-12-07 18:23:45,290 - rag_service - WARNING - Skipping document with empty body: 
2025-12-07 18:23:45,290 - rag_service - WARNING - Skipping document with empty body: 
2025-12-07 18:23:45,290 - rag_service - WARNING - Skipping document with empty body: 
2025-12-07 18:23:45,290 - rag_service - WARNING - Skipping document with empty body: 
2025-12-07 18:23:45,290 - rag_service - WARNING - Skipping document with empty body: 
2025-12-07 18:23:45,290 - rag_service - WARNING - Skipping document with empty body: 
2025-12-07 18:23:45,290 - rag_service - WARNING - Skipping document with empty body: 
2025-12-07 18:23:45,290 - rag_service - WARNING - Skipping document with empty body: 
2025-12-07 18:23:45,290 - rag_service - WARNING - Skipping document with empty body: 
2025-12-07 18:23:45,290 - rag_service - WARNING - Skipping document with empty body: 
2025-12-07 18:23:45,290 - rag_service - WARNING - Skipping document with empty body: 
2025-12-07 18:23:45,290 - rag_service - WARNING - Skipping document with empty body: 
2025-12-07 18:23:45,290 - rag_service - INFO - Processed batch 24: 2301-2400 / 2556
2025-12-07 18:23:45,290 - rag_service - WARNING - Skipping document with empty body: 
2025-12-07 18:23:45,290 - rag_service - WARNING - Skipping document with empty body: 
2025-12-07 18:23:45,290 - rag_service - WARNING - Skipping document with empty body: 
2025-12-07 18:23:45,291 - rag_service - WARNING - Skipping document with empty body: 
2025-12-07 18:23:45,291 - rag_service - WARNING - Skipping document with empty body: 
2025-12-07 18:23:45,291 - rag_service - WARNING - Skipping document with empty body: 
2025-12-07 18:23:45,291 - rag_service - WARNING - Skipping document with empty body: 
2025-12-07 18:23:45,291 - rag_service - WARNING - Skipping document with empty body: 
2025-12-07 18:23:45,291 - rag_service - WARNING - Skipping document with empty body: 
2025-12-07 18:23:45,291 - rag_service - WARNING - Skipping document with empty body: 
2025-12-07 18:23:45,291 - rag_service - WARNING - Skipping document with empty body: 
2025-12-07 18:23:45,291 - rag_service - WARNING - Skipping document with empty body: 
2025-12-07 18:23:45,291 - rag_service - WARNING - Skipping document with empty body: 
2025-12-07 18:23:45,291 - rag_service - WARNING - Skipping document with empty body: 
2025-12-07 18:23:45,291 - rag_service - WARNING - Skipping document with empty body: 
2025-12-07 18:23:45,291 - rag_service - WARNING - Skipping document with empty body: 
2025-12-07 18:23:45,291 - rag_service - WARNING - Skipping document with empty body: 
2025-12-07 18:23:45,291 - rag_service - WARNING - Skipping document with empty body: 
2025-12-07 18:23:45,291 - rag_service - WARNING - Skipping document with empty body: 
2025-12-07 18:23:45,291 - rag_service - WARNING - Skipping document with empty body: 
2025-12-07 18:23:45,291 - rag_service - WARNING - Skipping document with empty body: 
2025-12-07 18:23:45,291 - rag_service - WARNING - Skipping document with empty body: 
2025-12-07 18:23:45,291 - rag_service - WARNING - Skipping document with empty body: 
2025-12-07 18:23:45,291 - rag_service - WARNING - Skipping document with empty body: 
2025-12-07 18:23:45,291 - rag_service - WARNING - Skipping document with empty body: 
2025-12-07 18:23:45,291 - rag_service - WARNING - Skipping document with empty body: 
2025-12-07 18:23:45,291 - rag_service - WARNING - Skipping document with empty body: 
2025-12-07 18:23:45,291 - rag_service - WARNING - Skipping document with empty body: 
2025-12-07 18:23:45,291 - rag_service - WARNING - Skipping document with empty body: 
2025-12-07 18:23:45,291 - rag_service - WARNING - Skipping document with empty body: 
2025-12-07 18:23:45,291 - rag_service - WARNING - Skipping document with empty body: 
2025-12-07 18:23:45,291 - rag_service - WARNING - Skipping document with empty body: 
2025-12-07 18:23:45,291 - rag_service - WARNING - Skipping document with empty body: 
2025-12-07 18:23:45,291 - rag_service - WARNING - Skipping document with empty body: 
2025-12-07 18:23:45,291 - rag_service - WARNING - Skipping document with empty body: 
2025-12-07 18:23:45,291 - rag_service - WARNING - Skipping document with empty body: 
2025-12-07 18:23:45,291 - rag_service - WARNING - Skipping document with empty body: 
2025-12-07 18:23:45,291 - rag_service - WARNING - Skipping document with empty body: 
2025-12-07 18:23:45,291 - rag_service - WARNING - Skipping document with empty body: 
2025-12-07 18:23:45,291 - rag_service - WARNING - Skipping document with empty body: 
2025-12-07 18:23:45,291 - rag_service - WARNING - Skipping document with empty body: 
2025-12-07 18:23:45,291 - rag_service - WARNING - Skipping document with empty body: 
2025-12-07 18:23:45,291 - rag_service - WARNING - Skipping document with empty body: 
2025-12-07 18:23:45,291 - rag_service - WARNING - Skipping document with empty body: 
2025-12-07 18:23:45,291 - rag_service - WARNING - Skipping document with empty body: 
2025-12-07 18:23:45,291 - rag_service - WARNING - Skipping document with empty body: 
2025-12-07 18:23:45,291 - rag_service - WARNING - Skipping document with empty body: 
2025-12-07 18:23:45,291 - rag_service - WARNING - Skipping document with empty body: 
2025-12-07 18:23:45,291 - rag_service - WARNING - Skipping document with empty body: 
2025-12-07 18:23:45,291 - rag_service - WARNING - Skipping document with empty body: 
2025-12-07 18:23:45,291 - rag_service - WARNING - Skipping document with empty body: 
2025-12-07 18:23:45,291 - rag_service - WARNING - Skipping document with empty body: 
2025-12-07 18:23:45,291 - rag_service - WARNING - Skipping document with empty body: 
2025-12-07 18:23:45,291 - rag_service - WARNING - Skipping document with empty body: 
2025-12-07 18:23:45,291 - rag_service - WARNING - Skipping document with empty body: 
2025-12-07 18:23:45,291 - rag_service - WARNING - Skipping document with empty body: 
2025-12-07 18:23:45,291 - rag_service - WARNING - Skipping document with empty body: 
2025-12-07 18:23:45,291 - rag_service - WARNING - Skipping document with empty body: 
2025-12-07 18:23:45,291 - rag_service - WARNING - Skipping document with empty body: 
2025-12-07 18:23:45,291 - rag_service - WARNING - Skipping document with empty body: 
2025-12-07 18:23:45,292 - rag_service - WARNING - Skipping document with empty body: 
2025-12-07 18:23:45,292 - rag_service - WARNING - Skipping document with empty body: 
2025-12-07 18:23:45,292 - rag_service - WARNING - Skipping document with empty body: 
2025-12-07 18:23:45,292 - rag_service - WARNING - Skipping document with empty body: 
2025-12-07 18:23:45,292 - rag_service - WARNING - Skipping document with empty body: 
2025-12-07 18:23:45,292 - rag_service - WARNING - Skipping document with empty body: 
2025-12-07 18:23:45,292 - rag_service - WARNING - Skipping document with empty body: 
2025-12-07 18:23:45,292 - rag_service - WARNING - Skipping document with empty body: 
2025-12-07 18:23:45,292 - rag_service - WARNING - Skipping document with empty body: 
2025-12-07 18:23:45,292 - rag_service - WARNING - Skipping document with empty body: 
2025-12-07 18:23:45,292 - rag_service - WARNING - Skipping document with empty body: 
2025-12-07 18:23:45,292 - rag_service - WARNING - Skipping document with empty body: 
2025-12-07 18:23:45,292 - rag_service - WARNING - Skipping document with empty body: 
2025-12-07 18:23:45,292 - rag_service - WARNING - Skipping document with empty body: 
2025-12-07 18:23:45,292 - rag_service - WARNING - Skipping document with empty body: 
2025-12-07 18:23:45,292 - rag_service - WARNING - Skipping document with empty body: 
2025-12-07 18:23:45,292 - rag_service - WARNING - Skipping document with empty body: 
2025-12-07 18:23:45,292 - rag_service - WARNING - Skipping document with empty body: 
2025-12-07 18:23:45,292 - rag_service - WARNING - Skipping document with empty body: 
2025-12-07 18:23:45,292 - rag_service - WARNING - Skipping document with empty body: 
2025-12-07 18:23:45,292 - rag_service - WARNING - Skipping document with empty body: 
2025-12-07 18:23:45,292 - rag_service - WARNING - Skipping document with empty body: 
2025-12-07 18:23:45,292 - rag_service - WARNING - Skipping document with empty body: 
2025-12-07 18:23:45,292 - rag_service - WARNING - Skipping document with empty body: 
2025-12-07 18:23:45,292 - rag_service - WARNING - Skipping document with empty body: 
2025-12-07 18:23:45,292 - rag_service - WARNING - Skipping document with empty body: 
2025-12-07 18:23:45,292 - rag_service - WARNING - Skipping document with empty body: 
2025-12-07 18:23:45,292 - rag_service - WARNING - Skipping document with empty body: 
2025-12-07 18:23:45,292 - rag_service - WARNING - Skipping document with empty body: 
2025-12-07 18:23:45,292 - rag_service - WARNING - Skipping document with empty body: 
2025-12-07 18:23:45,292 - rag_service - WARNING - Skipping document with empty body: 
2025-12-07 18:23:45,292 - rag_service - WARNING - Skipping document with empty body: 
2025-12-07 18:23:45,292 - rag_service - WARNING - Skipping document with empty body: 
2025-12-07 18:23:45,292 - rag_service - WARNING - Skipping document with empty body: 
2025-12-07 18:23:45,292 - rag_service - WARNING - Skipping document with empty body: 
2025-12-07 18:23:45,292 - rag_service - WARNING - Skipping document with empty body: 
2025-12-07 18:23:45,292 - rag_service - WARNING - Skipping document with empty body: 
2025-12-07 18:23:45,292 - rag_service - WARNING - Skipping document with empty body: 
2025-12-07 18:23:45,292 - rag_service - WARNING - Skipping document with empty body: 
2025-12-07 18:23:45,292 - rag_service - WARNING - Skipping document with empty body: 
2025-12-07 18:23:45,292 - rag_service - INFO - Processed batch 25: 2401-2500 / 2556
2025-12-07 18:23:45,292 - rag_service - WARNING - Skipping document with empty body: 
2025-12-07 18:23:45,292 - rag_service - WARNING - Skipping document with empty body: 
2025-12-07 18:23:45,292 - rag_service - WARNING - Skipping document with empty body: 
2025-12-07 18:23:45,292 - rag_service - WARNING - Skipping document with empty body: 
2025-12-07 18:23:45,292 - rag_service - WARNING - Skipping document with empty body: 
2025-12-07 18:23:45,292 - rag_service - WARNING - Skipping document with empty body: 
2025-12-07 18:23:45,292 - rag_service - WARNING - Skipping document with empty body: 
2025-12-07 18:23:45,292 - rag_service - WARNING - Skipping document with empty body: 
2025-12-07 18:23:45,292 - rag_service - WARNING - Skipping document with empty body: 
2025-12-07 18:23:45,292 - rag_service - WARNING - Skipping document with empty body: 
2025-12-07 18:23:45,292 - rag_service - WARNING - Skipping document with empty body: 
2025-12-07 18:23:45,292 - rag_service - WARNING - Skipping document with empty body: 
2025-12-07 18:23:45,292 - rag_service - WARNING - Skipping document with empty body: 
2025-12-07 18:23:45,293 - rag_service - WARNING - Skipping document with empty body: 
2025-12-07 18:23:45,293 - rag_service - WARNING - Skipping document with empty body: 
2025-12-07 18:23:45,293 - rag_service - WARNING - Skipping document with empty body: 
2025-12-07 18:23:45,293 - rag_service - WARNING - Skipping document with empty body: 
2025-12-07 18:23:45,293 - rag_service - WARNING - Skipping document with empty body: 
2025-12-07 18:23:45,293 - rag_service - WARNING - Skipping document with empty body: 
2025-12-07 18:23:45,293 - rag_service - WARNING - Skipping document with empty body: 
2025-12-07 18:23:45,293 - rag_service - WARNING - Skipping document with empty body: 
2025-12-07 18:23:45,293 - rag_service - WARNING - Skipping document with empty body: 
2025-12-07 18:23:45,293 - rag_service - WARNING - Skipping document with empty body: 
2025-12-07 18:23:45,293 - rag_service - WARNING - Skipping document with empty body: 
2025-12-07 18:23:45,293 - rag_service - WARNING - Skipping document with empty body: 
2025-12-07 18:23:45,293 - rag_service - WARNING - Skipping document with empty body: 
2025-12-07 18:23:45,293 - rag_service - WARNING - Skipping document with empty body: 
2025-12-07 18:23:45,293 - rag_service - WARNING - Skipping document with empty body: 
2025-12-07 18:23:45,293 - rag_service - WARNING - Skipping document with empty body: 
2025-12-07 18:23:45,293 - rag_service - WARNING - Skipping document with empty body: 
2025-12-07 18:23:45,293 - rag_service - WARNING - Skipping document with empty body: 
2025-12-07 18:23:45,293 - rag_service - WARNING - Skipping document with empty body: 
2025-12-07 18:23:45,293 - rag_service - WARNING - Skipping document with empty body: 
2025-12-07 18:23:45,293 - rag_service - WARNING - Skipping document with empty body: 
2025-12-07 18:23:45,293 - rag_service - WARNING - Skipping document with empty body: 
2025-12-07 18:23:45,293 - rag_service - WARNING - Skipping document with empty body: 
2025-12-07 18:23:45,293 - rag_service - WARNING - Skipping document with empty body: 
2025-12-07 18:23:45,293 - rag_service - WARNING - Skipping document with empty body: 
2025-12-07 18:23:45,293 - rag_service - WARNING - Skipping document with empty body: 
2025-12-07 18:23:45,293 - rag_service - WARNING - Skipping document with empty body: 
2025-12-07 18:23:45,293 - rag_service - WARNING - Skipping document with empty body: 
2025-12-07 18:23:45,293 - rag_service - WARNING - Skipping document with empty body: 
2025-12-07 18:23:45,293 - rag_service - WARNING - Skipping document with empty body: 
2025-12-07 18:23:45,293 - rag_service - WARNING - Skipping document with empty body: 
2025-12-07 18:23:45,293 - rag_service - WARNING - Skipping document with empty body: 
2025-12-07 18:23:45,293 - rag_service - WARNING - Skipping document with empty body: 
2025-12-07 18:23:45,293 - rag_service - WARNING - Skipping document with empty body: 
2025-12-07 18:23:45,293 - rag_service - WARNING - Skipping document with empty body: 
2025-12-07 18:23:45,293 - rag_service - WARNING - Skipping document with empty body: 
2025-12-07 18:23:45,293 - rag_service - WARNING - Skipping document with empty body: 
2025-12-07 18:23:45,293 - rag_service - WARNING - Skipping document with empty body: 
2025-12-07 18:23:45,293 - rag_service - WARNING - Skipping document with empty body: 
2025-12-07 18:23:45,293 - rag_service - WARNING - Skipping document with empty body: 
2025-12-07 18:23:45,293 - rag_service - WARNING - Skipping document with empty body: 
2025-12-07 18:23:45,293 - rag_service - WARNING - Skipping document with empty body: 
2025-12-07 18:23:45,293 - rag_service - WARNING - Skipping document with empty body: 
2025-12-07 18:23:45,293 - rag_service - INFO - Processed batch 26: 2501-2556 / 2556
2025-12-07 18:23:45,293 - rag_service - INFO - Indexing completed!
2025-12-07 18:23:45,293 - rag_service - INFO - Total documents processed: 2556
2025-12-07 18:23:45,293 - rag_service - INFO - Total chunks created: 0
2025-12-07 18:23:45,294 - rag_service - INFO - Collection name: corpus_collection_test_500
2025-12-07 18:50:33,273 - rag_service - INFO - Logger initialized: rag_service
2025-12-07 18:50:33,273 - rag_service - INFO - Log file: logs/rag_service.log
2025-12-07 18:50:33,275 - rag_service - INFO - Initializing embedding model...
2025-12-07 18:50:33,288 - rag_service - INFO - Using qwen as model engine to load embeddings
2025-12-07 18:50:36,777 - rag_service - INFO - Loaded Qwen embedding model from /Users/jun/GolandProjects/higress/higress/plugins/golang-filter/mcp-server/servers/rag/python/models/Qwen/Qwen3-Embedding-0.6B
2025-12-07 18:50:36,778 - rag_service - INFO - Embedding model initialized
2025-12-07 18:50:36,778 - rag_service - INFO - Vector store config: host='127.0.0.1' port='19530' user='' password='' name='default' collection_name='corpus_collection_test_500' reranker_type='weighted' reranker_weight=0.5 chunk_context_window_size=0 kb_root_path='./knowledge_base' kwargs={}
2025-12-07 18:50:36,778 - rag_service - INFO - Initializing Milvus vector store with collection: corpus_collection_test_500
2025-12-07 18:50:36,797 - rag_service - INFO - Milvus vector store initialized
2025-12-07 18:50:36,797 - rag_service - INFO - Loading corpus from: /Users/jun/GolandProjects/higress/higress/plugins/golang-filter/mcp-server/servers/rag/python/./dataset/corpus.json
2025-12-07 18:50:36,813 - rag_service - INFO - Loaded 609 documents from corpus.json
2025-12-07 18:50:36,814 - rag_service - INFO - Starting to index 609 documents...
2025-12-07 18:50:36,814 - rag_service - INFO - Chunk size: 500, Chunk overlap: 50 , Batch size: 100 Smaller Chunk size: 0
2025-12-07 18:50:36,837 - rag_service - INFO - 开始添加记录：https://mashable.com/article/cyber-monday-deals-amazon-2023
2025-12-07 18:50:41,102 - rag_service - INFO - 添加记录结束：https://mashable.com/article/cyber-monday-deals-amazon-2023，一共17 条记录
2025-12-07 18:50:41,102 - rag_service - INFO - Indexed document '200+ of the best deals from Amazon's Cyber Monday sale': 17 chunks, 17 documents
2025-12-07 18:50:41,107 - rag_service - INFO - 开始添加记录：https://www.smh.com.au/business/markets/asx-set-to-drop-as-wall-street-s-september-slump-deepens-20230927-p5e7v7.html?ref=rss&utm_medium=rss&utm_source=rss_business
2025-12-07 18:50:51,567 - rag_service - INFO - 添加记录结束：https://www.smh.com.au/business/markets/asx-set-to-drop-as-wall-street-s-september-slump-deepens-20230927-p5e7v7.html?ref=rss&utm_medium=rss&utm_source=rss_business，一共16 条记录
2025-12-07 18:50:51,567 - rag_service - INFO - Indexed document 'ASX set to drop as Wall Street’s September slump deepens': 16 chunks, 16 documents
2025-12-07 18:50:51,569 - rag_service - INFO - 开始添加记录：https://www.cnbc.com/2023/10/06/amazon-sellers-sound-off-on-the-ftcs-long-overdue-antitrust-case.html
2025-12-07 19:14:01,049 - rag_service - INFO - Logger initialized: rag_service
2025-12-07 19:14:01,049 - rag_service - INFO - Log file: logs/rag_service.log
2025-12-07 19:14:28,459 - rag_service - INFO - Logger initialized: rag_service
2025-12-07 19:14:28,459 - rag_service - INFO - Log file: logs/rag_service.log
2025-12-07 19:14:28,460 - rag_service - INFO - Initializing embedding model...
2025-12-07 19:14:28,476 - rag_service - INFO - Using qwen as model engine to load embeddings
2025-12-07 19:14:31,955 - rag_service - INFO - Loaded Qwen embedding model from /Users/jun/GolandProjects/higress/higress/plugins/golang-filter/mcp-server/servers/rag/python/models/Qwen/Qwen3-Embedding-0.6B
2025-12-07 19:14:31,956 - rag_service - INFO - Embedding model initialized
2025-12-07 19:14:31,956 - rag_service - INFO - Vector store config: host='127.0.0.1' port='19530' user='' password='' name='default' collection_name='corpus_collection_test_500' reranker_type='weighted' reranker_weight=0.5 chunk_context_window_size=0 kb_root_path='./knowledge_base' kwargs={}
2025-12-07 19:14:31,957 - rag_service - INFO - Initializing Milvus vector store with collection: corpus_collection_test_500
2025-12-07 19:14:34,259 - rag_service - INFO - Milvus vector store initialized
2025-12-07 19:14:34,259 - rag_service - INFO - Loading corpus from: /Users/jun/GolandProjects/higress/higress/plugins/golang-filter/mcp-server/servers/rag/python/./dataset/corpus.json
2025-12-07 19:14:34,295 - rag_service - INFO - Loaded 609 documents from corpus.json
2025-12-07 19:14:34,295 - rag_service - INFO - Starting to index 609 documents...
2025-12-07 19:14:34,296 - rag_service - INFO - Chunk size: 500, Chunk overlap: 50 , Batch size: 100 Smaller Chunk size: 0
2025-12-07 19:14:34,298 - rag_service - INFO - 开始添加记录：https://mashable.com/article/cyber-monday-deals-amazon-2023
2025-12-07 19:14:38,300 - rag_service - INFO - 添加记录结束：https://mashable.com/article/cyber-monday-deals-amazon-2023，一共17 条记录
2025-12-07 19:14:38,300 - rag_service - INFO - Indexed document '200+ of the best deals from Amazon's Cyber Monday sale': 17 chunks, 17 documents
2025-12-07 19:14:38,302 - rag_service - INFO - 开始添加记录：https://www.smh.com.au/business/markets/asx-set-to-drop-as-wall-street-s-september-slump-deepens-20230927-p5e7v7.html?ref=rss&utm_medium=rss&utm_source=rss_business
2025-12-07 19:14:48,769 - rag_service - INFO - 添加记录结束：https://www.smh.com.au/business/markets/asx-set-to-drop-as-wall-street-s-september-slump-deepens-20230927-p5e7v7.html?ref=rss&utm_medium=rss&utm_source=rss_business，一共16 条记录
2025-12-07 19:14:48,770 - rag_service - INFO - Indexed document 'ASX set to drop as Wall Street’s September slump deepens': 16 chunks, 16 documents
2025-12-07 19:14:48,772 - rag_service - INFO - 开始添加记录：https://www.cnbc.com/2023/10/06/amazon-sellers-sound-off-on-the-ftcs-long-overdue-antitrust-case.html
2025-12-07 19:14:58,427 - rag_service - INFO - 添加记录结束：https://www.cnbc.com/2023/10/06/amazon-sellers-sound-off-on-the-ftcs-long-overdue-antitrust-case.html，一共27 条记录
2025-12-07 19:14:58,428 - rag_service - INFO - Indexed document 'Amazon sellers sound off on the FTC's 'long-overdue' antitrust case': 27 chunks, 27 documents
2025-12-07 19:14:58,430 - rag_service - INFO - 开始添加记录：https://www.yardbarker.com/nfl/articles/christmas_day_preview_49ers_ravens_square_off_in_potential_super_bowl_sneak_peek/s1_13132_39720250
2025-12-07 19:15:35,575 - rag_service - INFO - Logger initialized: rag_service
2025-12-07 19:15:35,575 - rag_service - INFO - Log file: logs/rag_service.log
2025-12-07 19:15:35,602 - rag_service - INFO - Starting RAG Service API on 0.0.0.0:8090
2025-12-07 19:15:35,645 - rag_service - INFO - Initializing embedding service with model: /Users/jun/GolandProjects/higress/higress/plugins/golang-filter/mcp-server/servers/rag/python/models/Qwen/Qwen3-Embedding-0.6B
2025-12-07 19:15:35,660 - rag_service - INFO - Using qwen as model engine to load embeddings
2025-12-07 19:15:38,692 - rag_service - INFO - Loaded Qwen embedding model from /Users/jun/GolandProjects/higress/higress/plugins/golang-filter/mcp-server/servers/rag/python/models/Qwen/Qwen3-Embedding-0.6B
2025-12-07 19:15:38,692 - rag_service - INFO - Embedding service initialized successfully
2025-12-07 19:15:38,692 - rag_service - INFO - Initializing reranker service with model: /Users/jun/GolandProjects/higress/higress/plugins/golang-filter/mcp-server/servers/rag/python/models/Qwen/Qwen3-Reranker-0.6B
2025-12-07 19:15:41,140 - rag_service - INFO - Reranker service initialized successfully
2025-12-07 19:16:52,911 - rag_service - INFO - Generated embeddings for 1 input(s) in 1.12s
2025-12-07 19:16:53,121 - rag_service - INFO - Generated embeddings for 1 input(s) in 0.14s
2025-12-07 19:16:53,314 - rag_service - INFO - Generated embeddings for 1 input(s) in 0.14s
2025-12-07 19:16:53,478 - rag_service - INFO - Generated embeddings for 1 input(s) in 0.14s
2025-12-07 19:16:53,668 - rag_service - INFO - Generated embeddings for 1 input(s) in 0.14s
2025-12-07 19:16:53,836 - rag_service - INFO - Generated embeddings for 1 input(s) in 0.14s
2025-12-07 19:16:53,976 - rag_service - INFO - Generated embeddings for 1 input(s) in 0.13s
2025-12-07 19:16:54,126 - rag_service - INFO - Generated embeddings for 1 input(s) in 0.14s
2025-12-07 19:16:54,235 - rag_service - INFO - Generated embeddings for 1 input(s) in 0.10s
2025-12-07 19:16:54,352 - rag_service - INFO - Generated embeddings for 1 input(s) in 0.09s
2025-12-07 19:16:54,475 - rag_service - INFO - Generated embeddings for 1 input(s) in 0.09s
2025-12-07 19:16:54,650 - rag_service - INFO - Generated embeddings for 1 input(s) in 0.14s
2025-12-07 19:16:54,834 - rag_service - INFO - Generated embeddings for 1 input(s) in 0.16s
2025-12-07 19:16:54,995 - rag_service - INFO - Generated embeddings for 1 input(s) in 0.14s
2025-12-07 19:16:55,103 - rag_service - INFO - Generated embeddings for 1 input(s) in 0.09s
2025-12-07 19:16:55,259 - rag_service - INFO - Generated embeddings for 1 input(s) in 0.14s
2025-12-07 19:16:55,373 - rag_service - INFO - Generated embeddings for 1 input(s) in 0.10s
2025-12-07 19:16:55,545 - rag_service - INFO - Generated embeddings for 1 input(s) in 0.15s
2025-12-07 19:16:55,651 - rag_service - INFO - Generated embeddings for 1 input(s) in 0.10s
2025-12-07 19:16:55,804 - rag_service - INFO - Generated embeddings for 1 input(s) in 0.13s
2025-12-07 19:16:55,983 - rag_service - INFO - Generated embeddings for 1 input(s) in 0.16s
2025-12-07 19:16:56,142 - rag_service - INFO - Generated embeddings for 1 input(s) in 0.14s
2025-12-07 19:16:56,294 - rag_service - INFO - Generated embeddings for 1 input(s) in 0.14s
2025-12-07 19:16:56,480 - rag_service - INFO - Generated embeddings for 1 input(s) in 0.17s
2025-12-07 19:16:56,596 - rag_service - INFO - Generated embeddings for 1 input(s) in 0.10s
2025-12-07 19:16:56,742 - rag_service - INFO - Generated embeddings for 1 input(s) in 0.14s
2025-12-07 19:16:56,848 - rag_service - INFO - Generated embeddings for 1 input(s) in 0.10s
2025-12-07 19:16:57,002 - rag_service - INFO - Generated embeddings for 1 input(s) in 0.15s
2025-12-07 19:16:57,116 - rag_service - INFO - Generated embeddings for 1 input(s) in 0.10s
2025-12-07 19:16:57,294 - rag_service - INFO - Generated embeddings for 1 input(s) in 0.17s
2025-12-07 19:16:57,468 - rag_service - INFO - Generated embeddings for 1 input(s) in 0.16s
2025-12-07 19:16:57,613 - rag_service - INFO - Generated embeddings for 1 input(s) in 0.14s
2025-12-07 19:16:57,769 - rag_service - INFO - Generated embeddings for 1 input(s) in 0.15s
2025-12-07 19:16:57,877 - rag_service - INFO - Generated embeddings for 1 input(s) in 0.10s
2025-12-07 19:16:58,059 - rag_service - INFO - Generated embeddings for 1 input(s) in 0.17s
2025-12-07 19:16:58,176 - rag_service - INFO - Generated embeddings for 1 input(s) in 0.11s
2025-12-07 19:16:58,290 - rag_service - INFO - Generated embeddings for 1 input(s) in 0.10s
2025-12-07 19:16:58,440 - rag_service - INFO - Generated embeddings for 1 input(s) in 0.14s
2025-12-07 19:16:58,594 - rag_service - INFO - Generated embeddings for 1 input(s) in 0.14s
2025-12-07 19:16:58,699 - rag_service - INFO - Generated embeddings for 1 input(s) in 0.10s
2025-12-07 19:16:58,844 - rag_service - INFO - Generated embeddings for 1 input(s) in 0.13s
2025-12-07 19:16:59,666 - rag_service - INFO - Generated embeddings for 1 input(s) in 0.81s
2025-12-07 19:16:59,784 - rag_service - INFO - Generated embeddings for 1 input(s) in 0.10s
2025-12-07 19:16:59,940 - rag_service - INFO - Generated embeddings for 1 input(s) in 0.14s
2025-12-07 19:17:00,062 - rag_service - INFO - Generated embeddings for 1 input(s) in 0.11s
2025-12-07 19:17:00,263 - rag_service - INFO - Generated embeddings for 1 input(s) in 0.18s
2025-12-07 19:17:00,439 - rag_service - INFO - Generated embeddings for 1 input(s) in 0.17s
2025-12-07 19:17:00,552 - rag_service - INFO - Generated embeddings for 1 input(s) in 0.10s
2025-12-07 19:19:51,860 - rag_service - INFO - Generated embeddings for 1 input(s) in 1.00s
2025-12-07 19:21:05,749 - rag_service - INFO - Generated embeddings for 1 input(s) in 0.85s
2025-12-07 19:21:12,666 - rag_service - INFO - Generated embeddings for 1 input(s) in 0.19s
2025-12-07 19:21:37,306 - rag_service - INFO - Generated embeddings for 1 input(s) in 0.15s
2025-12-07 19:22:49,781 - rag_service - INFO - Generated embeddings for 1 input(s) in 1.04s
